provider_id,is_fwa,pattern,start_date,note
P001,0,normal,,
P002,0,normal,,
P003,0,normal,,
P004,1,duplicate_document,2026-02-01,
P005,0,normal,,
P006,0,normal,,
P007,0,normal,,
P008,0,normal,,
P009,0,normal,,
P010,0,normal,,
P011,0,normal,,
P012,0,normal,,
P013,0,normal,,
P014,0,normal,,
P015,0,normal,,
P016,0,normal,,
P017,0,normal,,
P018,0,normal,,
P019,1,claim_after_death,2025-12-01,
P020,0,normal,,
P021,0,normal,,
P022,1,collusive_ring,2026-03-01,
P023,0,normal,,
P024,1,opd_to_ipd,2026-03-01,
P025,1,bed_overrun,2026-03-01,
P026,0,normal,,
P027,1,ghost_beneficiary,2026-03-01,
P028,0,normal,,
P029,0,normal,,
P030,0,normal,,
P031,0,normal,,
P032,0,normal,,
P033,0,normal,,
P034,0,normal,,
P035,0,normal,,
P036,0,normal,,
P037,0,normal,,
P038,0,normal,,
P039,0,normal,,
P040,0,normal,,
P041,0,normal,,
P042,0,normal,,
P043,1,overlapping_admission,2026-04-01,
P044,0,normal,,
P045,0,normal,,
P046,0,normal,,
P047,0,normal,,
P048,0,normal,,
P049,0,normal,,
P050,0,normal,,
P051,0,normal,,
P052,1,claim_after_death,2025-12-01,
P053,0,normal,,
P054,0,normal,,
P055,0,normal,,
P056,0,normal,,
P057,0,normal,,
P058,0,normal,,
P059,1,collusive_ring,2026-03-01,
P060,0,normal,,
P061,0,normal,,
P062,0,normal,,
P063,0,normal,,
P064,0,normal,,
P065,0,normal,,
P066,0,normal,,
P067,0,normal,,
P068,0,normal,,
P069,0,normal,,
P070,0,normal,,
P071,0,normal,,
P072,0,normal,,
P073,0,normal,,
P074,0,normal,,
P075,0,normal,,
P076,0,normal,,
P077,0,normal,,
P078,0,normal,,
P079,0,normal,,
P080,0,normal,,
P081,0,normal,,
P082,0,normal,,
P083,0,normal,,
P084,0,normal,,
P085,0,normal,,
P086,0,normal,,
P087,0,legit_dialysis_centre,,"Dialysis centre: few patients, two to three sessions a week each. Should be cleared."
P088,0,normal,,
P089,0,normal,,
P090,0,normal,,
P091,0,normal,,
P092,0,normal,,
P093,0,normal,,
P094,0,normal,,
P095,0,normal,,
P096,0,normal,,
P097,0,normal,,
P098,0,normal,,
P099,0,normal,,
P100,0,normal,,
P101,0,normal,,
P102,0,normal,,
P103,0,normal,,
P104,1,package_upcoding,2026-04-01,
P105,0,normal,,
P106,0,normal,,
P107,0,normal,,
P108,0,normal,,
P109,0,normal,,
P110,0,normal,,
P111,0,normal,,
P112,0,normal,,
P113,0,normal,,
P114,0,normal,,
P115,0,normal,,
P116,0,normal,,
P117,0,normal,,
P118,0,normal,,
P119,0,normal,,
P120,0,normal,,
P121,0,normal,,
P122,0,normal,,
P123,0,normal,,
P124,0,normal,,
P125,1,opd_to_ipd,2026-01-01,
P126,0,normal,,
P127,0,normal,,
P128,0,normal,,
P129,0,normal,,
P130,0,normal,,
P131,0,normal,,
P132,0,normal,,
P133,0,normal,,
P134,0,normal,,
P135,1,ghost_beneficiary,2026-04-01,
P136,0,normal,,
P137,0,normal,,
P138,0,normal,,
P139,1,package_upcoding,2026-02-01,
P140,0,normal,,
P141,0,normal,,
P142,0,normal,,
P143,0,normal,,
P144,0,normal,,
P145,0,normal,,
P146,0,normal,,
P147,0,normal,,
P148,1,collusive_ring,2026-03-01,
P149,0,normal,,
P150,0,normal,,
P151,0,normal,,
P152,1,collusive_ring,2026-03-01,
P153,0,normal,,
P154,0,normal,,
P155,0,normal,,
P156,1,opd_to_ipd,2026-03-01,
P157,0,normal,,
P158,1,package_upcoding,2025-12-01,
P159,0,normal,,
P160,0,normal,,
P161,0,normal,,
P162,0,normal,,
P163,0,normal,,
P164,0,normal,,
P165,0,normal,,
P166,1,unnecessary_procedure,2025-12-01,
P167,0,normal,,
P168,0,normal,,
P169,0,normal,,
P170,0,legit_high_volume_eye,,High-volume cataract unit with day-care turnover: genuine. Should be cleared.
P171,0,normal,,
P172,0,normal,,
P173,0,normal,,
P174,0,normal,,
P175,0,normal,,
P176,0,normal,,
P177,0,normal,,
P178,0,normal,,
P179,0,normal,,
P180,0,normal,,
P181,0,normal,,
P182,0,normal,,
P183,0,normal,,
P184,0,legit_referral_centre,,"Government medical college running above sanctioned beds: high volume, genuine. Should be cleared."
P185,0,normal,,
P186,0,normal,,
P187,0,normal,,
P188,0,normal,,
P189,0,normal,,
P190,0,normal,,
P191,0,normal,,
P192,0,normal,,
P193,0,legit_high_volume_eye,,High-volume cataract unit with day-care turnover: genuine. Should be cleared.
P194,1,unnecessary_procedure,2026-01-01,
P195,0,normal,,
P196,0,normal,,
P197,0,normal,,
P198,1,bed_overrun,2026-03-01,
P199,0,normal,,
P200,0,normal,,
P201,0,normal,,
P202,0,normal,,
P203,1,collusive_ring,2026-03-01,
P204,0,normal,,
P205,0,normal,,
P206,0,normal,,
P207,0,normal,,
P208,0,normal,,
P209,0,normal,,
P210,0,normal,,
P211,0,normal,,
P212,0,normal,,
P213,0,normal,,
P214,0,normal,,
P215,0,normal,,
P216,0,normal,,
P217,0,normal,,
P218,0,normal,,
P219,0,normal,,
P220,0,normal,,
P221,1,overlapping_admission,2025-12-01,
P222,0,normal,,
P223,0,normal,,
P224,0,normal,,
P225,1,duplicate_document,2026-01-01,
P226,0,normal,,
P227,0,normal,,
P228,0,normal,,
P229,0,normal,,
P230,0,normal,,
P231,0,normal,,
P232,0,normal,,
P233,0,normal,,
P234,0,normal,,
P235,0,normal,,
P236,0,normal,,
P237,0,normal,,
P238,0,normal,,
P239,0,normal,,
P240,1,unnecessary_procedure,2026-03-01,
P241,0,normal,,
P242,0,normal,,
P243,0,normal,,
P244,0,normal,,
P245,0,normal,,
P246,0,normal,,
P247,0,legit_dialysis_centre,,"Dialysis centre: few patients, two to three sessions a week each. Should be cleared."
P248,0,normal,,
P249,0,normal,,
P250,0,normal,,
P251,0,normal,,
P252,0,normal,,
P253,0,normal,,
P254,0,normal,,
P255,0,normal,,
P256,0,normal,,
P257,0,normal,,
P258,0,normal,,
P259,0,legit_referral_centre,,"Government medical college running above sanctioned beds: high volume, genuine. Should be cleared."
P260,0,normal,,
P261,0,normal,,
P262,0,normal,,
P263,1,duplicate_document,2025-12-01,
P264,0,normal,,
P265,0,normal,,
P266,0,normal,,
P267,0,normal,,
P268,0,normal,,
P269,0,normal,,
P270,0,normal,,
P271,0,normal,,
P272,0,normal,,
P273,0,normal,,
P274,0,normal,,
P275,1,overlapping_admission,2026-02-01,
P276,0,normal,,
P277,0,normal,,
P278,0,normal,,
P279,0,normal,,
P280,0,normal,,
P281,0,normal,,
P282,0,normal,,
P283,0,normal,,
P284,0,normal,,
P285,0,normal,,
P286,0,normal,,
P287,0,normal,,
P288,0,normal,,
P289,0,normal,,
P290,0,normal,,
P291,0,normal,,
P292,1,package_upcoding,2026-01-01,
P293,0,normal,,
P294,0,normal,,
P295,0,normal,,
P296,0,normal,,
P297,0,normal,,
P298,1,ghost_beneficiary,2026-03-01,
P299,0,normal,,
P300,0,normal,,
