case_id,provider_id,specialty,pattern,verdict,reasoning,exposure_amount,recovered_amount,opened_date,closed_date,state
INV032,P223,Community Health Centre,package_upcoding,inconclusive,Records only partly produced at audit. Evidence insufficient to confirm or clear. Hospital placed on watch.,3294227.0,0.0,2025-01-22,2025-02-12,Tamil Nadu
INV015,P192,Orthopaedic Hospital,unnecessary_procedure,cleared,Procedure volume reflects a visiting specialist's fixed operating days. Histopathology and prior treatment records supported the indication.,3242508.0,0.0,2025-01-25,2025-02-14,Rajasthan
INV028,P067,Nursing Home,claim_after_death,cleared,Death was recorded against the wrong family member in the earlier claim. The treated patient was alive and verified at home.,827668.0,0.0,2025-01-10,2025-03-05,Punjab
INV025,P080,Nursing Home,opd_to_ipd,cleared,Short stays occurred during a documented local outbreak. Admission notes and investigations justified observation.,3094241.0,0.0,2025-01-24,2025-03-12,Chhattisgarh
INV027,P073,Community Health Centre,claim_after_death,cleared,Death was recorded against the wrong family member in the earlier claim. The treated patient was alive and verified at home.,1004163.0,0.0,2025-01-31,2025-03-18,Chhattisgarh
INV007,P166,Nursing Home,unnecessary_procedure,inconclusive,Records only partly produced at audit. Evidence insufficient to confirm or clear. Hospital placed on watch.,1177785.0,0.0,2025-02-08,2025-03-30,Kerala
INV002,P024,Nursing Home,opd_to_ipd,confirmed,"Large numbers of one-day admissions for fever and gastroenteritis, often whole families on the same day. Beneficiaries said they were seen as outpatients and sent home.",788463.0,369669.0,2025-02-12,2025-04-10,Chhattisgarh
INV009,P259,Government Medical College,excessive_utilization,cleared,"Volume far above peers, but the hospital is a regional referral centre, a high-volume eye unit or a dialysis centre with repeat sessions. Registers supported the claims.",1919925.0,0.0,2025-02-23,2025-04-13,Bihar
INV036,P100,Cancer Centre,claim_after_death,inconclusive,Records only partly produced at audit. Evidence insufficient to confirm or clear. Hospital placed on watch.,1278601.0,0.0,2025-02-28,2025-04-15,Kerala
INV030,P122,District Hospital,ghost_beneficiary,cleared,Fresh cards belonged to a newly added eligible group enrolled at a government camp. Beneficiaries were traced and confirmed treatment.,1268958.0,0.0,2025-03-08,2025-04-17,Madhya Pradesh
INV031,P204,Community Health Centre,bed_overrun,cleared,Day-care procedures were counted as admissions; turnover per bed was consistent with a day-care unit.,1324126.0,0.0,2025-03-12,2025-04-20,Chhattisgarh
INV010,P184,Government Medical College,excessive_utilization,cleared,"Volume far above peers, but the hospital is a regional referral centre, a high-volume eye unit or a dialysis centre with repeat sessions. Registers supported the claims.",563495.0,0.0,2025-02-10,2025-04-22,Jharkhand
INV037,P136,Community Health Centre,excessive_utilization,confirmed,Claims per bed far above peers and not supported by indoor registers.,2175489.0,985237.0,2025-02-20,2025-04-22,Jharkhand
INV017,P260,Orthopaedic Hospital,overlapping_admission,cleared,Overlap was a documented inter-hospital transfer; the first hospital entered the discharge late.,1050392.0,0.0,2025-03-28,2025-04-27,Chhattisgarh
INV029,P153,Heart Institute,ghost_beneficiary,cleared,Fresh cards belonged to a newly added eligible group enrolled at a government camp. Beneficiaries were traced and confirmed treatment.,1655605.0,0.0,2025-03-10,2025-04-27,Jharkhand
INV018,P146,Nursing Home,opd_to_ipd,cleared,Short stays occurred during a documented local outbreak. Admission notes and investigations justified observation.,1504233.0,0.0,2025-02-15,2025-05-01,Tamil Nadu
INV004,P298,Nursing Home,ghost_beneficiary,confirmed,Cards were created one to six days before admission by a single operator and shared a handful of mobile numbers. Field visit found the listed households did not exist.,671497.0,377189.0,2025-03-25,2025-05-06,Rajasthan
INV006,P156,Nursing Home,opd_to_ipd,inconclusive,Records only partly produced at audit. Evidence insufficient to confirm or clear. Hospital placed on watch.,140127.0,0.0,2025-04-27,2025-06-04,Chhattisgarh
INV026,P055,Eye Hospital,excessive_utilization,cleared,"Volume far above peers, but the hospital is a regional referral centre, a high-volume eye unit or a dialysis centre with repeat sessions. Registers supported the claims.",380957.0,0.0,2025-04-02,2025-06-04,Tamil Nadu
INV024,P005,Multispecialty Hospital,overlapping_admission,cleared,Overlap was a documented inter-hospital transfer; the first hospital entered the discharge late.,1158942.0,0.0,2025-05-13,2025-06-05,Gujarat
INV033,P016,Community Health Centre,opd_to_ipd,inconclusive,Records only partly produced at audit. Evidence insufficient to confirm or clear. Hospital placed on watch.,679664.0,0.0,2025-04-13,2025-06-19,Uttar Pradesh
INV020,P267,Dialysis Centre,claim_after_death,cleared,Death was recorded against the wrong family member in the earlier claim. The treated patient was alive and verified at home.,2743619.0,0.0,2025-04-27,2025-06-20,Karnataka
INV008,P292,Multispecialty Hospital,package_upcoding,inconclusive,Records only partly produced at audit. Evidence insufficient to confirm or clear. Hospital placed on watch.,511311.0,0.0,2025-05-13,2025-06-20,Tamil Nadu
INV013,P247,Dialysis Centre,excessive_utilization,cleared,"Volume far above peers, but the hospital is a regional referral centre, a high-volume eye unit or a dialysis centre with repeat sessions. Registers supported the claims.",6116508.0,0.0,2025-05-01,2025-06-22,Tamil Nadu
INV021,P154,Nursing Home,excessive_utilization,cleared,"Volume far above peers, but the hospital is a regional referral centre, a high-volume eye unit or a dialysis centre with repeat sessions. Registers supported the claims.",569906.0,0.0,2025-06-01,2025-06-23,Gujarat
INV034,P095,Community Health Centre,package_upcoding,inconclusive,Records only partly produced at audit. Evidence insufficient to confirm or clear. Hospital placed on watch.,329938.0,0.0,2025-05-07,2025-06-24,Uttar Pradesh
INV014,P228,Government Medical College,duplicate_document,cleared,Duplicate images were a portal upload error corrected by the hospital; originals were produced at audit.,834399.0,0.0,2025-04-18,2025-06-26,Gujarat
INV005,P194,Heart Institute,unnecessary_procedure,confirmed,Procedures clustered the day after village camps on patients with no supporting investigations. Medical audit found no clinical indication.,551297.0,484900.0,2025-05-01,2025-07-01,Madhya Pradesh
INV011,P170,Eye Hospital,excessive_utilization,cleared,"Volume far above peers, but the hospital is a regional referral centre, a high-volume eye unit or a dialysis centre with repeat sessions. Registers supported the claims.",489264.0,0.0,2025-05-15,2025-07-06,Kerala
INV019,P227,Heart Institute,unnecessary_procedure,cleared,Procedure volume reflects a visiting specialist's fixed operating days. Histopathology and prior treatment records supported the indication.,1101999.0,0.0,2025-06-03,2025-07-08,Rajasthan
INV016,P126,Nursing Home,ghost_beneficiary,cleared,Fresh cards belonged to a newly added eligible group enrolled at a government camp. Beneficiaries were traced and confirmed treatment.,932825.0,0.0,2025-06-10,2025-07-18,Karnataka
INV022,P123,Multispecialty Hospital,unnecessary_procedure,cleared,Procedure volume reflects a visiting specialist's fixed operating days. Histopathology and prior treatment records supported the indication.,599268.0,0.0,2025-07-11,2025-08-02,Tamil Nadu
INV003,P198,Nursing Home,bed_overrun,confirmed,Pre-authorisations on single days were several times the bed strength. Surprise visit found a small fraction of the claimed patients present.,879637.0,661541.0,2025-05-24,2025-08-05,Uttar Pradesh
INV038,P103,Community Health Centre,duplicate_document,confirmed,The same discharge summary and investigation images were attached to claims for different beneficiaries.,711158.0,449954.0,2025-07-09,2025-08-17,Uttar Pradesh
INV040,P232,Nursing Home,duplicate_document,confirmed,The same discharge summary and investigation images were attached to claims for different beneficiaries.,3312413.0,2112337.0,2025-07-06,2025-08-17,Chhattisgarh
INV023,P130,Orthopaedic Hospital,claim_after_death,cleared,Death was recorded against the wrong family member in the earlier claim. The treated patient was alive and verified at home.,463326.0,0.0,2025-06-30,2025-09-07,Gujarat
INV035,P075,District Hospital,bed_overrun,inconclusive,Records only partly produced at audit. Evidence insufficient to confirm or clear. Hospital placed on watch.,4243806.0,0.0,2025-07-13,2025-09-10,Punjab
INV001,P240,Multispecialty Hospital,unnecessary_procedure,confirmed,Procedures clustered the day after village camps on patients with no supporting investigations. Medical audit found no clinical indication.,3291874.0,1913482.0,2025-08-14,2025-09-11,Jharkhand
INV012,P193,Eye Hospital,excessive_utilization,cleared,"Volume far above peers, but the hospital is a regional referral centre, a high-volume eye unit or a dialysis centre with repeat sessions. Registers supported the claims.",354384.0,0.0,2025-08-18,2025-10-07,Tamil Nadu
INV039,P269,Community Health Centre,opd_to_ipd,confirmed,"Large numbers of one-day admissions for fever and gastroenteritis, often whole families on the same day. Beneficiaries said they were seen as outpatients and sent home.",939267.0,795786.0,2025-09-15,2025-11-16,Tamil Nadu
