provider_id,name,specialty,facility_id,owner_id,city,lat,lon,sector,state,district,city_tier,beds,nabh_status,teaching,empanelled_specialties,empanelment_date
P001,"Hridaya Nursing Home, Hisar",Nursing Home,F001,O002,Hisar,29.1405,75.695,private,Haryana,Hisar,Z,21,none,0,Emergency Room Packages|General Medicine|General Surgery|Obstetrics & Gynaecology,2019-12-08
P002,"Zentara Community Health Centre, Chennai",Community Health Centre,F002,GOV,Chennai,13.1145,80.2447,public,Tamil Nadu,Chennai,X,31,none,0,Emergency Room Packages|General Medicine|Obstetrics & Gynaecology,2024-02-10
P003,"Niramay Eye Hospital, Madurai",Eye Hospital,F003,O019,Madurai,9.9,78.1234,private,Tamil Nadu,Madurai,Y,12,none,0,Ophthalmology,2020-01-19
P004,"Ketaya Multispecialty Hospital, Ludhiana",Multispecialty Hospital,F004,O018,Ludhiana,30.9234,75.8806,private,Punjab,Ludhiana,Y,130,none,0,Cardiology|ENT|Emergency Room Packages|General Medicine|General Surgery|Neo-natal Care|Obstetrics & Gynaecology|Orthopaedics,2020-02-05
P005,"Tavora Multispecialty Hospital, Ahmedabad",Multispecialty Hospital,F005,O022,Ahmedabad,23.0273,72.5902,private,Gujarat,Ahmedabad,X,159,none,0,Cardiology|ENT|Emergency Room Packages|General Medicine|General Surgery|Neo-natal Care|Obstetrics & Gynaecology|Orthopaedics,2020-07-09
P006,"Udayam Community Health Centre, Gurugram",Community Health Centre,F006,GOV,Gurugram,28.4865,76.9928,public,Haryana,Gurugram,Y,27,entry,0,Emergency Room Packages|General Medicine|Obstetrics & Gynaecology,2021-11-11
P007,"Rivaan District Hospital, Azamgarh",District Hospital,F007,GOV,Azamgarh,26.055,83.1752,public,Uttar Pradesh,Azamgarh,Z,263,entry,0,Burns Management|Emergency Room Packages|General Medicine|General Surgery|Neo-natal Care|Obstetrics & Gynaecology|Ophthalmology|Orthopaedics,2021-05-03
P008,"Ishvara Nursing Home, Dumka",Nursing Home,F008,O048,Dumka,24.2822,87.2314,private,Jharkhand,Dumka,Z,11,none,0,Emergency Room Packages|General Medicine|General Surgery|Obstetrics & Gynaecology,2019-09-14
P009,"Tejora Community Health Centre, Prayagraj",Community Health Centre,F009,GOV,Prayagraj,25.4161,81.8655,public,Uttar Pradesh,Prayagraj,Y,27,none,0,Emergency Room Packages|General Medicine|Obstetrics & Gynaecology,2023-07-04
P010,"Charvi Nursing Home, Kalaburagi",Nursing Home,F010,O065,Kalaburagi,17.3188,76.8509,private,Karnataka,Kalaburagi,Y,23,none,0,Emergency Room Packages|General Medicine|General Surgery|Obstetrics & Gynaecology,2022-04-27
P011,"Devanta District Hospital, Azamgarh",District Hospital,F011,GOV,Azamgarh,26.0621,83.1618,public,Uttar Pradesh,Azamgarh,Z,274,entry,0,Burns Management|Emergency Room Packages|General Medicine|General Surgery|Neo-natal Care|Obstetrics & Gynaecology|Ophthalmology|Orthopaedics,2022-03-02
P012,"Prayana District Hospital, Ahmedabad",District Hospital,F012,GOV,Ahmedabad,23.0014,72.544,public,Gujarat,Ahmedabad,X,168,none,0,Burns Management|Emergency Room Packages|General Medicine|General Surgery|Neo-natal Care|Obstetrics & Gynaecology|Ophthalmology|Orthopaedics,2019-01-28
P013,"Sorinda Community Health Centre, Lucknow",Community Health Centre,F013,GOV,Lucknow,26.8349,80.957,public,Uttar Pradesh,Lucknow,Y,24,none,0,Emergency Room Packages|General Medicine|Obstetrics & Gynaecology,2022-04-24
P014,"Ishvara Community Health Centre, Kozhikode",Community Health Centre,F014,GOV,Kozhikode,11.2229,75.7718,public,Kerala,Kozhikode,Y,37,none,0,Emergency Room Packages|General Medicine|Obstetrics & Gynaecology,2022-06-14
P015,"Tavora Dialysis Centre, Bhavnagar",Dialysis Centre,F015,O052,Bhavnagar,21.7558,72.1253,private,Gujarat,Bhavnagar,Y,12,entry,0,General Medicine,2021-10-24
P016,"Ketaya Community Health Centre, Lucknow",Community Health Centre,F016,GOV,Lucknow,26.893,80.9348,public,Uttar Pradesh,Lucknow,Y,24,none,0,Emergency Room Packages|General Medicine|Obstetrics & Gynaecology,2020-07-01
P017,"Navira Eye Hospital, Dumka",Eye Hospital,F017,O020,Dumka,24.3547,87.2665,private,Jharkhand,Dumka,Z,25,none,0,Ophthalmology,2024-09-23
P018,"Jivanta Nursing Home, Bhopal",Nursing Home,F018,O004,Bhopal,23.2345,77.3978,private,Madhya Pradesh,Bhopal,Y,12,none,0,Emergency Room Packages|General Medicine|General Surgery|Obstetrics & Gynaecology,2022-12-12
P019,"Olvira Nursing Home, Ranchi",Nursing Home,F019,O020,Ranchi,23.3169,85.3048,private,Jharkhand,Ranchi,Y,27,none,0,Emergency Room Packages|General Medicine|General Surgery|Obstetrics & Gynaecology,2025-01-10
P020,"Lumora Nursing Home, Bengaluru",Nursing Home,F020,O002,Bengaluru,12.9796,77.5652,private,Karnataka,Bengaluru Urban,X,21,none,0,Emergency Room Packages|General Medicine|General Surgery|Obstetrics & Gynaecology,2022-12-28
P021,"Navira Dialysis Centre, Barmer",Dialysis Centre,F021,O032,Barmer,25.7646,71.4063,private,Rajasthan,Barmer,Z,21,none,0,General Medicine,2021-11-26
P022,"Yantara Multispecialty Hospital, Lucknow",Multispecialty Hospital,F022,O071,Lucknow,26.7767,80.9766,private,Uttar Pradesh,Lucknow,Y,142,none,0,Cardiology|ENT|Emergency Room Packages|General Medicine|General Surgery|Neo-natal Care|Obstetrics & Gynaecology|Orthopaedics,2020-01-28
P023,"Niramay Community Health Centre, Prayagraj",Community Health Centre,F023,GOV,Prayagraj,25.3706,81.8563,public,Uttar Pradesh,Prayagraj,Y,27,none,0,Emergency Room Packages|General Medicine|Obstetrics & Gynaecology,2022-02-22
P024,"Olvira Nursing Home, Jagdalpur",Nursing Home,F024,O059,Jagdalpur,19.0874,82.0235,private,Chhattisgarh,Bastar,Z,16,none,0,Emergency Room Packages|General Medicine|General Surgery|Obstetrics & Gynaecology,2022-06-30
P025,"Ketaya Eye Hospital, Amroha",Eye Hospital,F025,O019,Amroha,28.9397,78.4568,private,Uttar Pradesh,Amroha,Z,12,none,0,Ophthalmology,2018-10-18
P026,"Charvi Multispecialty Hospital, Barmer",Multispecialty Hospital,F026,O062,Barmer,25.7923,71.3634,private,Rajasthan,Barmer,Z,126,entry,0,Cardiology|ENT|Emergency Room Packages|General Medicine|General Surgery|Neo-natal Care|Obstetrics & Gynaecology|Orthopaedics,2021-10-14
P027,"Velora Nursing Home, Chennai",Nursing Home,F027,O046,Chennai,13.0795,80.2661,private,Tamil Nadu,Chennai,X,20,none,0,Emergency Room Packages|General Medicine|General Surgery|Obstetrics & Gynaecology,2023-07-22
P028,"Kelvane Cancer Centre, Balaghat",Cancer Centre,F028,O046,Balaghat,21.8514,80.1792,private,Madhya Pradesh,Balaghat,Z,102,entry,0,General Medicine|Medical Oncology,2019-12-26
P029,"Tavora Multispecialty Hospital, Madurai",Multispecialty Hospital,F029,O020,Madurai,9.9246,78.1489,private,Tamil Nadu,Madurai,Y,128,none,0,Cardiology|ENT|Emergency Room Packages|General Medicine|General Surgery|Neo-natal Care|Obstetrics & Gynaecology|Orthopaedics,2023-02-27
P030,"Sorinda Nursing Home, Jaipur",Nursing Home,F030,O063,Jaipur,26.8679,75.763,private,Rajasthan,Jaipur,Y,34,none,0,Emergency Room Packages|General Medicine|General Surgery|Obstetrics & Gynaecology,2024-08-25
P031,"Ekanta Nursing Home, Madurai",Nursing Home,F031,O049,Madurai,9.9257,78.1412,private,Tamil Nadu,Madurai,Y,31,none,0,Emergency Room Packages|General Medicine|General Surgery|Obstetrics & Gynaecology,2019-03-26
P032,"Zentara Community Health Centre, Nagpur",Community Health Centre,F032,GOV,Nagpur,21.1807,79.1248,public,Maharashtra,Nagpur,Y,38,none,0,Emergency Room Packages|General Medicine|Obstetrics & Gynaecology,2024-06-08
P033,"Varenya Community Health Centre, Ranchi",Community Health Centre,F033,GOV,Ranchi,23.3436,85.3283,public,Jharkhand,Ranchi,Y,38,none,0,Emergency Room Packages|General Medicine|Obstetrics & Gynaecology,2019-07-27
P034,"Udayam Cancer Centre, Kochi",Cancer Centre,F034,O009,Kochi,9.9128,76.2909,private,Kerala,Ernakulam,Y,111,none,0,General Medicine|Medical Oncology,2021-02-28
P035,"Ondira Multispecialty Hospital, Kozhikode",Multispecialty Hospital,F035,O059,Kozhikode,11.2614,75.7711,private,Kerala,Kozhikode,Y,159,none,0,Cardiology|ENT|Emergency Room Packages|General Medicine|General Surgery|Neo-natal Care|Obstetrics & Gynaecology|Orthopaedics,2019-02-09
P036,"Varenya District Hospital, Chennai",District Hospital,F036,GOV,Chennai,13.0898,80.2823,public,Tamil Nadu,Chennai,X,183,none,0,Burns Management|Emergency Room Packages|General Medicine|General Surgery|Neo-natal Care|Obstetrics & Gynaecology|Ophthalmology|Orthopaedics,2023-12-03
P037,"Mirava Orthopaedic Hospital, Bengaluru",Orthopaedic Hospital,F037,O067,Bengaluru,12.9739,77.6026,private,Karnataka,Bengaluru Urban,X,29,none,0,General Medicine|Orthopaedics,2021-06-15
P038,"Sorinda Multispecialty Hospital, Kochi",Multispecialty Hospital,F038,O059,Kochi,9.9388,76.2206,private,Kerala,Ernakulam,Y,111,full,0,Cardiology|ENT|Emergency Room Packages|General Medicine|General Surgery|Neo-natal Care|Obstetrics & Gynaecology|Orthopaedics,2021-11-12
P039,"Udayam District Hospital, Kozhikode",District Hospital,F039,GOV,Kozhikode,11.2711,75.7692,public,Kerala,Kozhikode,Y,284,entry,0,Burns Management|Emergency Room Packages|General Medicine|General Surgery|Neo-natal Care|Obstetrics & Gynaecology|Ophthalmology|Orthopaedics,2022-04-28
P040,"Tejora Nursing Home, Kalaburagi",Nursing Home,F040,O032,Kalaburagi,17.3618,76.7928,private,Karnataka,Kalaburagi,Y,14,none,0,Emergency Room Packages|General Medicine|General Surgery|Obstetrics & Gynaecology,2022-05-03
P041,"Mirava Community Health Centre, Jagdalpur",Community Health Centre,F041,GOV,Jagdalpur,19.0837,81.9632,public,Chhattisgarh,Bastar,Z,39,none,0,Emergency Room Packages|General Medicine|Obstetrics & Gynaecology,2019-03-31
P042,"Zentara Nursing Home, Ludhiana",Nursing Home,F042,O038,Ludhiana,30.8952,75.8485,private,Punjab,Ludhiana,Y,17,none,0,Emergency Room Packages|General Medicine|General Surgery|Obstetrics & Gynaecology,2019-08-23
P043,"Niramay Nursing Home, Chennai",Nursing Home,F043,O043,Chennai,13.0905,80.2824,private,Tamil Nadu,Chennai,X,16,none,0,Emergency Room Packages|General Medicine|General Surgery|Obstetrics & Gynaecology,2024-09-24
P044,"Ambara Community Health Centre, Dumka",Community Health Centre,F044,GOV,Dumka,24.2875,87.2293,public,Jharkhand,Dumka,Z,27,none,0,Emergency Room Packages|General Medicine|Obstetrics & Gynaecology,2022-05-19
P045,"Sorinda Nursing Home, Kozhikode",Nursing Home,F045,O055,Kozhikode,11.2076,75.7948,private,Kerala,Kozhikode,Y,10,entry,0,Emergency Room Packages|General Medicine|General Surgery|Obstetrics & Gynaecology,2019-01-30
P046,"Udayam Dialysis Centre, Raipur",Dialysis Centre,F046,O053,Raipur,21.2842,81.6465,private,Chhattisgarh,Raipur,Y,14,entry,0,General Medicine,2019-10-17
P047,"Yantara Heart Institute, Jaipur",Heart Institute,F047,O026,Jaipur,26.9607,75.7923,private,Rajasthan,Jaipur,Y,55,none,0,Cardiology|General Medicine,2019-09-24
P048,"Velora Nursing Home, Kozhikode",Nursing Home,F048,O059,Kozhikode,11.2606,75.7647,private,Kerala,Kozhikode,Y,30,none,0,Emergency Room Packages|General Medicine|General Surgery|Obstetrics & Gynaecology,2020-01-08
P049,"Olvira Community Health Centre, Patna",Community Health Centre,F049,GOV,Patna,25.6082,85.1597,public,Bihar,Patna,Y,35,none,0,Emergency Room Packages|General Medicine|Obstetrics & Gynaecology,2023-09-19
P050,"Zentara Orthopaedic Hospital, Bhopal",Orthopaedic Hospital,F050,O017,Bhopal,23.2377,77.4625,private,Madhya Pradesh,Bhopal,Y,43,none,0,General Medicine|Orthopaedics,2019-09-08
P051,"Mirava Community Health Centre, Ranchi",Community Health Centre,F051,GOV,Ranchi,23.36,85.2482,public,Jharkhand,Ranchi,Y,36,none,0,Emergency Room Packages|General Medicine|Obstetrics & Gynaecology,2022-11-13
P052,"Ekanta Multispecialty Hospital, Raipur",Multispecialty Hospital,F052,O032,Raipur,21.2243,81.6516,private,Chhattisgarh,Raipur,Y,59,none,0,Cardiology|ENT|Emergency Room Packages|General Medicine|General Surgery|Neo-natal Care|Obstetrics & Gynaecology|Orthopaedics,2023-01-20
P053,"Hridaya Multispecialty Hospital, Chennai",Multispecialty Hospital,F053,O035,Chennai,13.0852,80.2351,private,Tamil Nadu,Chennai,X,71,entry,0,Cardiology|ENT|Emergency Room Packages|General Medicine|General Surgery|Neo-natal Care|Obstetrics & Gynaecology|Orthopaedics,2024-02-05
P054,"Rivaan Dialysis Centre, Bhavnagar",Dialysis Centre,F054,O058,Bhavnagar,21.7771,72.1751,private,Gujarat,Bhavnagar,Y,22,none,0,General Medicine,2023-01-24
P055,"Zentara Eye Hospital, Madurai",Eye Hospital,F055,O029,Madurai,9.9063,78.1496,private,Tamil Nadu,Madurai,Y,28,none,0,Ophthalmology,2024-06-18
P056,"Shubhra Community Health Centre, Chennai",Community Health Centre,F056,GOV,Chennai,13.0466,80.2577,public,Tamil Nadu,Chennai,X,25,none,0,Emergency Room Packages|General Medicine|Obstetrics & Gynaecology,2019-11-16
P057,"Sukhada Heart Institute, Azamgarh",Heart Institute,F057,O020,Azamgarh,26.0595,83.1769,private,Uttar Pradesh,Azamgarh,Z,66,full,0,Cardiology|General Medicine,2024-12-09
P058,"Zentara Multispecialty Hospital, Gurugram",Multispecialty Hospital,F058,O061,Gurugram,28.4429,77.0293,private,Haryana,Gurugram,Y,53,full,0,Cardiology|ENT|Emergency Room Packages|General Medicine|General Surgery|Neo-natal Care|Obstetrics & Gynaecology|Orthopaedics,2021-07-22
P059,"Olvira Nursing Home, Lucknow",Nursing Home,F059,O071,Lucknow,26.8502,80.9538,private,Uttar Pradesh,Lucknow,Y,28,none,0,Emergency Room Packages|General Medicine|General Surgery|Obstetrics & Gynaecology,2022-07-30
P060,"Shubhra Community Health Centre, Hisar",Community Health Centre,F060,GOV,Hisar,29.1169,75.7139,public,Haryana,Hisar,Z,33,none,0,Emergency Room Packages|General Medicine|Obstetrics & Gynaecology,2021-03-08
P061,"Tavora Dialysis Centre, Kochi",Dialysis Centre,F061,O009,Kochi,9.9623,76.3041,private,Kerala,Ernakulam,Y,11,none,0,General Medicine,2022-05-14
P062,"Ishvara Nursing Home, Hisar",Nursing Home,F062,O054,Hisar,29.1417,75.6729,private,Haryana,Hisar,Z,25,none,0,Emergency Room Packages|General Medicine|General Surgery|Obstetrics & Gynaecology,2022-06-18
P063,"Ketaya Dialysis Centre, Kozhikode",Dialysis Centre,F063,O007,Kozhikode,11.2731,75.7649,private,Kerala,Kozhikode,Y,20,none,0,General Medicine,2018-11-04
P064,"Udayam Nursing Home, Azamgarh",Nursing Home,F064,O018,Azamgarh,26.0211,83.2095,private,Uttar Pradesh,Azamgarh,Z,17,entry,0,Emergency Room Packages|General Medicine|General Surgery|Obstetrics & Gynaecology,2019-09-28
P065,"Niramay District Hospital, Chennai",District Hospital,F065,GOV,Chennai,13.0622,80.2614,public,Tamil Nadu,Chennai,X,111,none,0,Burns Management|Emergency Room Packages|General Medicine|General Surgery|Neo-natal Care|Obstetrics & Gynaecology|Ophthalmology|Orthopaedics,2021-09-24
P066,"Niramay Government Medical College, Jaipur",Government Medical College,F066,GOV,Jaipur,26.9577,75.7825,public,Rajasthan,Jaipur,Y,560,full,1,Burns Management|Cardiology|ENT|Emergency Room Packages|General Medicine|General Surgery|Medical Oncology|Neo-natal Care|Obstetrics & Gynaecology|Ophthalmology|Orthopaedics,2024-06-13
P067,"Prayana Nursing Home, Bathinda",Nursing Home,F067,O008,Bathinda,30.1835,74.9409,private,Punjab,Bathinda,Z,24,none,0,Emergency Room Packages|General Medicine|General Surgery|Obstetrics & Gynaecology,2020-07-09
P068,"Prayana Multispecialty Hospital, Jagdalpur",Multispecialty Hospital,F068,O037,Jagdalpur,19.0883,82.0485,private,Chhattisgarh,Bastar,Z,102,full,0,Cardiology|ENT|Emergency Room Packages|General Medicine|General Surgery|Neo-natal Care|Obstetrics & Gynaecology|Orthopaedics,2019-08-29
P069,"Rivaan Community Health Centre, Patna",Community Health Centre,F069,GOV,Patna,25.6525,85.1608,public,Bihar,Patna,Y,26,none,0,Emergency Room Packages|General Medicine|Obstetrics & Gynaecology,2019-02-20
P070,"Ekanta Nursing Home, Chennai",Nursing Home,F070,O040,Chennai,13.0797,80.2302,private,Tamil Nadu,Chennai,X,23,none,0,Emergency Room Packages|General Medicine|General Surgery|Obstetrics & Gynaecology,2024-11-15
P071,"Zentara Orthopaedic Hospital, Bhavnagar",Orthopaedic Hospital,F071,O013,Bhavnagar,21.8049,72.1159,private,Gujarat,Bhavnagar,Y,44,none,0,General Medicine|Orthopaedics,2022-08-27
P072,"Daruna Multispecialty Hospital, Bathinda",Multispecialty Hospital,F072,O017,Bathinda,30.1829,74.9376,private,Punjab,Bathinda,Z,154,entry,0,Cardiology|ENT|Emergency Room Packages|General Medicine|General Surgery|Neo-natal Care|Obstetrics & Gynaecology|Orthopaedics,2023-03-29
P073,"Prayana Community Health Centre, Jagdalpur",Community Health Centre,F073,GOV,Jagdalpur,19.0654,82.0159,public,Chhattisgarh,Bastar,Z,37,none,0,Emergency Room Packages|General Medicine|Obstetrics & Gynaecology,2019-01-13
P074,"Sukhada District Hospital, Chennai",District Hospital,F074,GOV,Chennai,13.078,80.2972,public,Tamil Nadu,Chennai,X,250,none,0,Burns Management|Emergency Room Packages|General Medicine|General Surgery|Neo-natal Care|Obstetrics & Gynaecology|Ophthalmology|Orthopaedics,2021-09-12
P075,"Navira District Hospital, Ludhiana",District Hospital,F075,GOV,Ludhiana,30.8836,75.8465,public,Punjab,Ludhiana,Y,170,full,0,Burns Management|Emergency Room Packages|General Medicine|General Surgery|Neo-natal Care|Obstetrics & Gynaecology|Ophthalmology|Orthopaedics,2022-09-19
P076,"Shubhra Community Health Centre, Amroha",Community Health Centre,F076,GOV,Amroha,28.91,78.5096,public,Uttar Pradesh,Amroha,Z,27,none,0,Emergency Room Packages|General Medicine|Obstetrics & Gynaecology,2024-11-15
P077,"Hridaya Nursing Home, Azamgarh",Nursing Home,F077,O029,Azamgarh,26.0165,83.246,private,Uttar Pradesh,Azamgarh,Z,33,entry,0,Emergency Room Packages|General Medicine|General Surgery|Obstetrics & Gynaecology,2024-10-24
P078,"Sukhada District Hospital, Kochi",District Hospital,F078,GOV,Kochi,9.8979,76.244,public,Kerala,Ernakulam,Y,172,none,0,Burns Management|Emergency Room Packages|General Medicine|General Surgery|Neo-natal Care|Obstetrics & Gynaecology|Ophthalmology|Orthopaedics,2024-07-23
P079,"Yantara Nursing Home, Chennai",Nursing Home,F079,O061,Chennai,13.119,80.2752,private,Tamil Nadu,Chennai,X,21,none,0,Emergency Room Packages|General Medicine|General Surgery|Obstetrics & Gynaecology,2021-05-16
P080,"Devanta Nursing Home, Raipur",Nursing Home,F080,O005,Raipur,21.2533,81.661,private,Chhattisgarh,Raipur,Y,34,none,0,Emergency Room Packages|General Medicine|General Surgery|Obstetrics & Gynaecology,2021-06-18
P081,"Hridaya Nursing Home, Bathinda",Nursing Home,F081,O019,Bathinda,30.2243,74.9571,private,Punjab,Bathinda,Z,19,none,0,Emergency Room Packages|General Medicine|General Surgery|Obstetrics & Gynaecology,2022-11-16
P082,"Devanta Community Health Centre, Kozhikode",Community Health Centre,F082,GOV,Kozhikode,11.3102,75.7905,public,Kerala,Kozhikode,Y,35,none,0,Emergency Room Packages|General Medicine|Obstetrics & Gynaecology,2025-01-07
P083,"Charvi Eye Hospital, Kozhikode",Eye Hospital,F083,O068,Kozhikode,11.2074,75.7664,private,Kerala,Kozhikode,Y,12,none,0,Ophthalmology,2018-10-22
P084,"Niramay Nursing Home, Madurai",Nursing Home,F084,O021,Madurai,9.8402,78.1036,private,Tamil Nadu,Madurai,Y,19,none,0,Emergency Room Packages|General Medicine|General Surgery|Obstetrics & Gynaecology,2021-04-17
P085,"Jivanta Nursing Home, Ranchi",Nursing Home,F085,O032,Ranchi,23.3928,85.3163,private,Jharkhand,Ranchi,Y,11,none,0,Emergency Room Packages|General Medicine|General Surgery|Obstetrics & Gynaecology,2020-12-27
P086,"Zentara Cancer Centre, Gurugram",Cancer Centre,F086,O019,Gurugram,28.4186,77.0601,private,Haryana,Gurugram,Y,105,none,0,General Medicine|Medical Oncology,2024-07-12
P087,"Ondira Dialysis Centre, Balaghat",Dialysis Centre,F087,O047,Balaghat,21.812,80.1587,private,Madhya Pradesh,Balaghat,Z,9,none,0,General Medicine,2019-06-11
P088,"Niramay Cancer Centre, Barmer",Cancer Centre,F088,O057,Barmer,25.7008,71.386,private,Rajasthan,Barmer,Z,104,full,0,General Medicine|Medical Oncology,2020-03-07
P089,"Udayam Orthopaedic Hospital, Kalaburagi",Orthopaedic Hospital,F089,O023,Kalaburagi,17.2528,76.8843,private,Karnataka,Kalaburagi,Y,53,entry,0,General Medicine|Orthopaedics,2020-05-07
P090,"Mirava District Hospital, Bhavnagar",District Hospital,F090,GOV,Bhavnagar,21.7571,72.1444,public,Gujarat,Bhavnagar,Y,135,full,0,Burns Management|Emergency Room Packages|General Medicine|General Surgery|Neo-natal Care|Obstetrics & Gynaecology|Ophthalmology|Orthopaedics,2019-06-26
P091,"Olvira District Hospital, Lucknow",District Hospital,F091,GOV,Lucknow,26.8634,80.9553,public,Uttar Pradesh,Lucknow,Y,101,entry,0,Burns Management|Emergency Room Packages|General Medicine|General Surgery|Neo-natal Care|Obstetrics & Gynaecology|Ophthalmology|Orthopaedics,2018-11-27
P092,"Udayam Nursing Home, Lucknow",Nursing Home,F092,O034,Lucknow,26.8246,80.9743,private,Uttar Pradesh,Lucknow,Y,34,none,0,Emergency Room Packages|General Medicine|General Surgery|Obstetrics & Gynaecology,2021-09-09
P093,"Prayana District Hospital, Lucknow",District Hospital,F093,GOV,Lucknow,26.7732,80.9675,public,Uttar Pradesh,Lucknow,Y,242,none,0,Burns Management|Emergency Room Packages|General Medicine|General Surgery|Neo-natal Care|Obstetrics & Gynaecology|Ophthalmology|Orthopaedics,2021-11-04
P094,"Charvi Community Health Centre, Dibrugarh",Community Health Centre,F094,GOV,Dibrugarh,27.4785,94.9057,public,Assam,Dibrugarh,Z,31,none,0,Emergency Room Packages|General Medicine|Obstetrics & Gynaecology,2018-11-13
P095,"Tejora Community Health Centre, Prayagraj",Community Health Centre,F095,GOV,Prayagraj,25.4962,81.8438,public,Uttar Pradesh,Prayagraj,Y,32,none,0,Emergency Room Packages|General Medicine|Obstetrics & Gynaecology,2023-08-23
P096,"Ekanta Community Health Centre, Bathinda",Community Health Centre,F096,GOV,Bathinda,30.1574,74.9961,public,Punjab,Bathinda,Z,35,none,0,Emergency Room Packages|General Medicine|Obstetrics & Gynaecology,2020-08-26
P097,"Lumora Orthopaedic Hospital, Madurai",Orthopaedic Hospital,F097,O039,Madurai,9.9521,78.092,private,Tamil Nadu,Madurai,Y,41,none,0,General Medicine|Orthopaedics,2023-05-10
P098,"Ketaya District Hospital, Ranchi",District Hospital,F098,GOV,Ranchi,23.3475,85.2698,public,Jharkhand,Ranchi,Y,267,none,0,Burns Management|Emergency Room Packages|General Medicine|General Surgery|Neo-natal Care|Obstetrics & Gynaecology|Ophthalmology|Orthopaedics,2024-05-29
P099,"Daruna Nursing Home, Sidhi",Nursing Home,F099,O040,Sidhi,24.3637,81.9138,private,Madhya Pradesh,Sidhi,Z,21,none,0,Emergency Room Packages|General Medicine|General Surgery|Obstetrics & Gynaecology,2024-12-11
P100,"Udayam Cancer Centre, Kochi",Cancer Centre,F100,O025,Kochi,9.9595,76.3083,private,Kerala,Ernakulam,Y,32,none,0,General Medicine|Medical Oncology,2023-03-04
P101,"Sorinda Community Health Centre, Jaipur",Community Health Centre,F101,GOV,Jaipur,26.9147,75.7615,public,Rajasthan,Jaipur,Y,21,none,0,Emergency Room Packages|General Medicine|Obstetrics & Gynaecology,2024-06-04
P102,"Ishvara Nursing Home, Bhavnagar",Nursing Home,F102,O053,Bhavnagar,21.755,72.177,private,Gujarat,Bhavnagar,Y,28,none,0,Emergency Room Packages|General Medicine|General Surgery|Obstetrics & Gynaecology,2021-09-21
P103,"Sukhada Community Health Centre, Prayagraj",Community Health Centre,F103,GOV,Prayagraj,25.4775,81.8616,public,Uttar Pradesh,Prayagraj,Y,23,none,0,Emergency Room Packages|General Medicine|Obstetrics & Gynaecology,2023-03-14
P104,"Ekanta Multispecialty Hospital, Sidhi",Multispecialty Hospital,F104,O056,Sidhi,24.4202,81.8774,private,Madhya Pradesh,Sidhi,Z,52,none,0,Cardiology|ENT|Emergency Room Packages|General Medicine|General Surgery|Neo-natal Care|Obstetrics & Gynaecology|Orthopaedics,2023-10-25
P105,"Charvi Community Health Centre, Barmer",Community Health Centre,F105,GOV,Barmer,25.7876,71.3941,public,Rajasthan,Barmer,Z,33,none,0,Emergency Room Packages|General Medicine|Obstetrics & Gynaecology,2023-07-15
P106,"Velora Nursing Home, Bhavnagar",Nursing Home,F106,O004,Bhavnagar,21.8379,72.2064,private,Gujarat,Bhavnagar,Y,13,none,0,Emergency Room Packages|General Medicine|General Surgery|Obstetrics & Gynaecology,2022-02-18
P107,"Hridaya Cancer Centre, Bengaluru",Cancer Centre,F107,O044,Bengaluru,12.9758,77.6134,private,Karnataka,Bengaluru Urban,X,110,none,0,General Medicine|Medical Oncology,2022-06-02
P108,"Hridaya Community Health Centre, Balaghat",Community Health Centre,F108,GOV,Balaghat,21.8226,80.2088,public,Madhya Pradesh,Balaghat,Z,26,none,0,Emergency Room Packages|General Medicine|Obstetrics & Gynaecology,2023-06-25
P109,"Niramay Community Health Centre, Hisar",Community Health Centre,F109,GOV,Hisar,29.1324,75.7369,public,Haryana,Hisar,Z,29,none,0,Emergency Room Packages|General Medicine|Obstetrics & Gynaecology,2018-11-10
P110,"Yantara Nursing Home, Sidhi",Nursing Home,F110,O016,Sidhi,24.4656,81.8634,private,Madhya Pradesh,Sidhi,Z,20,none,0,Emergency Room Packages|General Medicine|General Surgery|Obstetrics & Gynaecology,2025-01-15
P111,"Ondira Community Health Centre, Azamgarh",Community Health Centre,F111,GOV,Azamgarh,26.0328,83.1818,public,Uttar Pradesh,Azamgarh,Z,27,none,0,Emergency Room Packages|General Medicine|Obstetrics & Gynaecology,2023-07-26
P112,"Prayana Nursing Home, Jagdalpur",Nursing Home,F112,O061,Jagdalpur,19.0644,82.017,private,Chhattisgarh,Bastar,Z,25,none,0,Emergency Room Packages|General Medicine|General Surgery|Obstetrics & Gynaecology,2024-09-06
P113,"Prayana Community Health Centre, Madurai",Community Health Centre,F113,GOV,Madurai,9.9281,78.0949,public,Tamil Nadu,Madurai,Y,36,none,0,Emergency Room Packages|General Medicine|Obstetrics & Gynaecology,2022-08-13
P114,"Ekanta Nursing Home, Jagdalpur",Nursing Home,F114,O069,Jagdalpur,19.0745,82.0372,private,Chhattisgarh,Bastar,Z,16,none,0,Emergency Room Packages|General Medicine|General Surgery|Obstetrics & Gynaecology,2022-08-29
P115,"Ketaya Nursing Home, Ahmedabad",Nursing Home,F115,O041,Ahmedabad,22.9986,72.6059,private,Gujarat,Ahmedabad,X,11,none,0,Emergency Room Packages|General Medicine|General Surgery|Obstetrics & Gynaecology,2024-08-16
P116,"Samvedra Nursing Home, Kalaburagi",Nursing Home,F116,O011,Kalaburagi,17.3563,76.8285,private,Karnataka,Kalaburagi,Y,28,none,0,Emergency Room Packages|General Medicine|General Surgery|Obstetrics & Gynaecology,2021-07-04
P117,"Varenya Nursing Home, Bhavnagar",Nursing Home,F117,O008,Bhavnagar,21.7507,72.1268,private,Gujarat,Bhavnagar,Y,24,none,0,Emergency Room Packages|General Medicine|General Surgery|Obstetrics & Gynaecology,2019-12-03
P118,"Sorinda Orthopaedic Hospital, Raipur",Orthopaedic Hospital,F118,O033,Raipur,21.1854,81.6077,private,Chhattisgarh,Raipur,Y,35,none,0,General Medicine|Orthopaedics,2021-08-17
P119,"Mirava Nursing Home, Patna",Nursing Home,F119,O033,Patna,25.6248,85.1892,private,Bihar,Patna,Y,34,none,0,Emergency Room Packages|General Medicine|General Surgery|Obstetrics & Gynaecology,2024-08-13
P120,"Ishvara Dialysis Centre, Chennai",Dialysis Centre,F120,O032,Chennai,13.1319,80.2538,private,Tamil Nadu,Chennai,X,13,none,0,General Medicine,2020-04-13
P121,"Tavora Community Health Centre, Nagpur",Community Health Centre,F121,GOV,Nagpur,21.1333,79.0547,public,Maharashtra,Nagpur,Y,28,none,0,Emergency Room Packages|General Medicine|Obstetrics & Gynaecology,2019-10-10
P122,"Shubhra District Hospital, Bhopal",District Hospital,F122,GOV,Bhopal,23.3007,77.3667,public,Madhya Pradesh,Bhopal,Y,289,entry,0,Burns Management|Emergency Room Packages|General Medicine|General Surgery|Neo-natal Care|Obstetrics & Gynaecology|Ophthalmology|Orthopaedics,2022-05-01
P123,"Jivanta Multispecialty Hospital, Madurai",Multispecialty Hospital,F123,O069,Madurai,9.914,78.1072,private,Tamil Nadu,Madurai,Y,76,full,0,Cardiology|ENT|Emergency Room Packages|General Medicine|General Surgery|Neo-natal Care|Obstetrics & Gynaecology|Orthopaedics,2019-02-25
P124,"Rivaan Nursing Home, Lucknow",Nursing Home,F124,O025,Lucknow,26.8202,80.9878,private,Uttar Pradesh,Lucknow,Y,34,none,0,Emergency Room Packages|General Medicine|General Surgery|Obstetrics & Gynaecology,2022-08-23
P125,"Kelvane Nursing Home, Prayagraj",Nursing Home,F125,O030,Prayagraj,25.4123,81.8889,private,Uttar Pradesh,Prayagraj,Y,19,none,0,Emergency Room Packages|General Medicine|General Surgery|Obstetrics & Gynaecology,2022-09-25
P126,"Tejora Nursing Home, Kalaburagi",Nursing Home,F126,O050,Kalaburagi,17.3791,76.8491,private,Karnataka,Kalaburagi,Y,28,none,0,Emergency Room Packages|General Medicine|General Surgery|Obstetrics & Gynaecology,2020-12-29
P127,"Niramay Community Health Centre, Mumbai",Community Health Centre,F127,GOV,Mumbai,19.121,72.8592,public,Maharashtra,Mumbai Suburban,X,31,none,0,Emergency Room Packages|General Medicine|Obstetrics & Gynaecology,2020-10-15
P128,"Yantara Community Health Centre, Ahmedabad",Community Health Centre,F128,GOV,Ahmedabad,23.0409,72.5962,public,Gujarat,Ahmedabad,X,35,none,0,Emergency Room Packages|General Medicine|Obstetrics & Gynaecology,2019-12-28
P129,"Ishvara Eye Hospital, Jaipur",Eye Hospital,F129,O009,Jaipur,26.8796,75.7856,private,Rajasthan,Jaipur,Y,27,none,0,Ophthalmology,2022-02-07
P130,"Hridaya Orthopaedic Hospital, Bhavnagar",Orthopaedic Hospital,F130,O025,Bhavnagar,21.784,72.1698,private,Gujarat,Bhavnagar,Y,21,none,0,General Medicine|Orthopaedics,2018-11-07
P131,"Charvi District Hospital, Mumbai",District Hospital,F131,GOV,Mumbai,19.0474,72.9469,public,Maharashtra,Mumbai Suburban,X,260,entry,0,Burns Management|Emergency Room Packages|General Medicine|General Surgery|Neo-natal Care|Obstetrics & Gynaecology|Ophthalmology|Orthopaedics,2021-02-14
P132,"Sorinda Community Health Centre, Bhopal",Community Health Centre,F132,GOV,Bhopal,23.2788,77.4048,public,Madhya Pradesh,Bhopal,Y,28,none,0,Emergency Room Packages|General Medicine|Obstetrics & Gynaecology,2019-05-11
P133,"Mirava Community Health Centre, Bhopal",Community Health Centre,F133,GOV,Bhopal,23.2436,77.3708,public,Madhya Pradesh,Bhopal,Y,26,none,0,Emergency Room Packages|General Medicine|Obstetrics & Gynaecology,2019-11-20
P134,"Samvedra District Hospital, Bhopal",District Hospital,F134,GOV,Bhopal,23.2429,77.469,public,Madhya Pradesh,Bhopal,Y,268,entry,0,Burns Management|Emergency Room Packages|General Medicine|General Surgery|Neo-natal Care|Obstetrics & Gynaecology|Ophthalmology|Orthopaedics,2020-04-16
P135,"Sukhada Nursing Home, Mumbai",Nursing Home,F135,O041,Mumbai,19.0643,72.877,private,Maharashtra,Mumbai Suburban,X,19,none,0,Emergency Room Packages|General Medicine|General Surgery|Obstetrics & Gynaecology,2024-02-22
P136,"Ketaya Community Health Centre, Dumka",Community Health Centre,F136,GOV,Dumka,24.2078,87.2464,public,Jharkhand,Dumka,Z,23,none,0,Emergency Room Packages|General Medicine|Obstetrics & Gynaecology,2021-07-14
P137,"Jivanta Community Health Centre, Bengaluru",Community Health Centre,F137,GOV,Bengaluru,12.9173,77.5427,public,Karnataka,Bengaluru Urban,X,32,none,0,Emergency Room Packages|General Medicine|Obstetrics & Gynaecology,2023-10-20
P138,"Ishvara Community Health Centre, Ahmedabad",Community Health Centre,F138,GOV,Ahmedabad,23.0155,72.5944,public,Gujarat,Ahmedabad,X,38,entry,0,Emergency Room Packages|General Medicine|Obstetrics & Gynaecology,2024-01-14
P139,"Niramay Multispecialty Hospital, Ranchi",Multispecialty Hospital,F139,O031,Ranchi,23.3078,85.3436,private,Jharkhand,Ranchi,Y,115,entry,0,Cardiology|ENT|Emergency Room Packages|General Medicine|General Surgery|Neo-natal Care|Obstetrics & Gynaecology|Orthopaedics,2020-07-20
P140,"Hridaya Community Health Centre, Nagpur",Community Health Centre,F140,GOV,Nagpur,21.1747,79.0997,public,Maharashtra,Nagpur,Y,26,none,0,Emergency Room Packages|General Medicine|Obstetrics & Gynaecology,2019-08-28
P141,"Olvira Cancer Centre, Prayagraj",Cancer Centre,F141,O050,Prayagraj,25.4752,81.885,private,Uttar Pradesh,Prayagraj,Y,40,none,0,General Medicine|Medical Oncology,2020-11-07
P142,"Niramay Multispecialty Hospital, Raipur",Multispecialty Hospital,F142,O016,Raipur,21.2032,81.6203,private,Chhattisgarh,Raipur,Y,71,none,0,Cardiology|ENT|Emergency Room Packages|General Medicine|General Surgery|Neo-natal Care|Obstetrics & Gynaecology|Orthopaedics,2022-11-24
P143,"Shubhra Nursing Home, Raipur",Nursing Home,F143,O007,Raipur,21.2048,81.6728,private,Chhattisgarh,Raipur,Y,24,none,0,Emergency Room Packages|General Medicine|General Surgery|Obstetrics & Gynaecology,2023-07-28
P144,"Tejora Multispecialty Hospital, Ranchi",Multispecialty Hospital,F144,O016,Ranchi,23.3349,85.3356,private,Jharkhand,Ranchi,Y,72,none,0,Cardiology|ENT|Emergency Room Packages|General Medicine|General Surgery|Neo-natal Care|Obstetrics & Gynaecology|Orthopaedics,2023-10-20
P145,"Tejora District Hospital, Kozhikode",District Hospital,F145,GOV,Kozhikode,11.3183,75.8353,public,Kerala,Kozhikode,Y,264,entry,0,Burns Management|Emergency Room Packages|General Medicine|General Surgery|Neo-natal Care|Obstetrics & Gynaecology|Ophthalmology|Orthopaedics,2021-08-14
P146,"Rivaan Nursing Home, Chennai",Nursing Home,F146,O067,Chennai,13.0563,80.2223,private,Tamil Nadu,Chennai,X,19,none,0,Emergency Room Packages|General Medicine|General Surgery|Obstetrics & Gynaecology,2021-05-19
P147,"Hridaya Nursing Home, Chennai",Nursing Home,F147,O009,Chennai,13.0948,80.2349,private,Tamil Nadu,Chennai,X,13,none,0,Emergency Room Packages|General Medicine|General Surgery|Obstetrics & Gynaecology,2023-02-27
P148,"Jivanta Multispecialty Hospital, Lucknow",Multispecialty Hospital,F148,O071,Lucknow,26.823,81.023,private,Uttar Pradesh,Lucknow,Y,117,none,0,Cardiology|ENT|Emergency Room Packages|General Medicine|General Surgery|Neo-natal Care|Obstetrics & Gynaecology|Orthopaedics,2023-03-27
P149,"Navira Nursing Home, Kalaburagi",Nursing Home,F149,O013,Kalaburagi,17.3025,76.8438,private,Karnataka,Kalaburagi,Y,29,none,0,Emergency Room Packages|General Medicine|General Surgery|Obstetrics & Gynaecology,2024-07-10
P150,"Charvi Nursing Home, Kalaburagi",Nursing Home,F150,O053,Kalaburagi,17.3442,76.805,private,Karnataka,Kalaburagi,Y,32,none,0,Emergency Room Packages|General Medicine|General Surgery|Obstetrics & Gynaecology,2023-04-27
P151,"Sukhada District Hospital, Mumbai",District Hospital,F151,GOV,Mumbai,19.0723,72.8854,public,Maharashtra,Mumbai Suburban,X,132,none,0,Burns Management|Emergency Room Packages|General Medicine|General Surgery|Neo-natal Care|Obstetrics & Gynaecology|Ophthalmology|Orthopaedics,2024-01-07
P152,"Lumora Nursing Home, Lucknow",Nursing Home,F152,O071,Lucknow,26.8025,80.9394,private,Uttar Pradesh,Lucknow,Y,30,none,0,Emergency Room Packages|General Medicine|General Surgery|Obstetrics & Gynaecology,2021-10-23
P153,"Devanta Heart Institute, Ranchi",Heart Institute,F153,O046,Ranchi,23.3432,85.3469,private,Jharkhand,Ranchi,Y,49,entry,0,Cardiology|General Medicine,2022-07-06
P154,"Rivaan Nursing Home, Ahmedabad",Nursing Home,F154,O030,Ahmedabad,23.019,72.5808,private,Gujarat,Ahmedabad,X,33,none,0,Emergency Room Packages|General Medicine|General Surgery|Obstetrics & Gynaecology,2020-02-27
P155,"Udayam Community Health Centre, Lucknow",Community Health Centre,F155,GOV,Lucknow,26.8483,80.9557,public,Uttar Pradesh,Lucknow,Y,31,none,0,Emergency Room Packages|General Medicine|Obstetrics & Gynaecology,2023-09-17
P156,"Prayana Nursing Home, Raipur",Nursing Home,F156,O051,Raipur,21.2905,81.6471,private,Chhattisgarh,Raipur,Y,14,none,0,Emergency Room Packages|General Medicine|General Surgery|Obstetrics & Gynaecology,2022-11-18
P157,"Samvedra Community Health Centre, Amroha",Community Health Centre,F157,GOV,Amroha,28.8974,78.4715,public,Uttar Pradesh,Amroha,Z,35,none,0,Emergency Room Packages|General Medicine|Obstetrics & Gynaecology,2019-12-01
P158,"Devanta Multispecialty Hospital, Mumbai",Multispecialty Hospital,F158,O063,Mumbai,19.1051,72.9403,private,Maharashtra,Mumbai Suburban,X,137,entry,0,Cardiology|ENT|Emergency Room Packages|General Medicine|General Surgery|Neo-natal Care|Obstetrics & Gynaecology|Orthopaedics,2021-06-05
P159,"Shubhra Nursing Home, Bengaluru",Nursing Home,F159,O043,Bengaluru,12.9613,77.5801,private,Karnataka,Bengaluru Urban,X,25,none,0,Emergency Room Packages|General Medicine|General Surgery|Obstetrics & Gynaecology,2024-01-21
P160,"Ishvara Community Health Centre, Jaipur",Community Health Centre,F160,GOV,Jaipur,26.912,75.7935,public,Rajasthan,Jaipur,Y,28,none,0,Emergency Room Packages|General Medicine|Obstetrics & Gynaecology,2023-03-01
P161,"Velora Orthopaedic Hospital, Kochi",Orthopaedic Hospital,F161,O024,Kochi,9.897,76.2672,private,Kerala,Ernakulam,Y,42,none,0,General Medicine|Orthopaedics,2020-04-25
P162,"Ekanta Multispecialty Hospital, Jaipur",Multispecialty Hospital,F162,O016,Jaipur,26.8462,75.8395,private,Rajasthan,Jaipur,Y,131,none,0,Cardiology|ENT|Emergency Room Packages|General Medicine|General Surgery|Neo-natal Care|Obstetrics & Gynaecology|Orthopaedics,2023-12-24
P163,"Prayana Nursing Home, Nagpur",Nursing Home,F163,O060,Nagpur,21.1363,79.0769,private,Maharashtra,Nagpur,Y,12,none,0,Emergency Room Packages|General Medicine|General Surgery|Obstetrics & Gynaecology,2021-05-30
P164,"Udayam Community Health Centre, Ludhiana",Community Health Centre,F164,GOV,Ludhiana,30.9019,75.8794,public,Punjab,Ludhiana,Y,20,none,0,Emergency Room Packages|General Medicine|Obstetrics & Gynaecology,2022-10-24
P165,"Jivanta Multispecialty Hospital, Jaipur",Multispecialty Hospital,F165,O037,Jaipur,26.8946,75.7912,private,Rajasthan,Jaipur,Y,109,none,0,Cardiology|ENT|Emergency Room Packages|General Medicine|General Surgery|Neo-natal Care|Obstetrics & Gynaecology|Orthopaedics,2022-08-01
P166,"Kelvane Nursing Home, Kochi",Nursing Home,F166,O056,Kochi,9.9452,76.2592,private,Kerala,Ernakulam,Y,30,none,0,Emergency Room Packages|General Medicine|General Surgery|Obstetrics & Gynaecology,2019-11-14
P167,"Yantara District Hospital, Lucknow",District Hospital,F167,GOV,Lucknow,26.8249,80.8902,public,Uttar Pradesh,Lucknow,Y,213,none,0,Burns Management|Emergency Room Packages|General Medicine|General Surgery|Neo-natal Care|Obstetrics & Gynaecology|Ophthalmology|Orthopaedics,2020-10-16
P168,"Lumora Nursing Home, Dibrugarh",Nursing Home,F168,O042,Dibrugarh,27.427,94.9109,private,Assam,Dibrugarh,Z,10,none,0,Emergency Room Packages|General Medicine|General Surgery|Obstetrics & Gynaecology,2024-06-29
P169,"Mirava Nursing Home, Chennai",Nursing Home,F169,O056,Chennai,13.0346,80.3231,private,Tamil Nadu,Chennai,X,10,none,0,Emergency Room Packages|General Medicine|General Surgery|Obstetrics & Gynaecology,2023-12-15
P170,"Charvi Eye Hospital, Kochi",Eye Hospital,F170,O005,Kochi,9.9484,76.2518,private,Kerala,Ernakulam,Y,21,none,0,Ophthalmology,2019-05-14
P171,"Avanta Nursing Home, Raipur",Nursing Home,F171,O050,Raipur,21.2238,81.5449,private,Chhattisgarh,Raipur,Y,29,none,0,Emergency Room Packages|General Medicine|General Surgery|Obstetrics & Gynaecology,2022-06-29
P172,"Ekanta Nursing Home, Bhavnagar",Nursing Home,F172,O035,Bhavnagar,21.7588,72.1614,private,Gujarat,Bhavnagar,Y,23,none,0,Emergency Room Packages|General Medicine|General Surgery|Obstetrics & Gynaecology,2023-07-03
P173,"Shubhra Orthopaedic Hospital, Prayagraj",Orthopaedic Hospital,F173,O036,Prayagraj,25.3961,81.8165,private,Uttar Pradesh,Prayagraj,Y,24,none,0,General Medicine|Orthopaedics,2024-09-23
P174,"Zentara District Hospital, Bengaluru",District Hospital,F174,GOV,Bengaluru,12.9424,77.5389,public,Karnataka,Bengaluru Urban,X,157,none,0,Burns Management|Emergency Room Packages|General Medicine|General Surgery|Neo-natal Care|Obstetrics & Gynaecology|Ophthalmology|Orthopaedics,2022-01-21
P175,"Devanta District Hospital, Jaipur",District Hospital,F175,GOV,Jaipur,26.9076,75.7764,public,Rajasthan,Jaipur,Y,201,none,0,Burns Management|Emergency Room Packages|General Medicine|General Surgery|Neo-natal Care|Obstetrics & Gynaecology|Ophthalmology|Orthopaedics,2020-07-03
P176,"Kelvane Nursing Home, Bhavnagar",Nursing Home,F176,O013,Bhavnagar,21.7905,72.1118,private,Gujarat,Bhavnagar,Y,13,none,0,Emergency Room Packages|General Medicine|General Surgery|Obstetrics & Gynaecology,2024-01-25
P177,"Prayana Community Health Centre, Kalaburagi",Community Health Centre,F177,GOV,Kalaburagi,17.296,76.8633,public,Karnataka,Kalaburagi,Y,29,none,0,Emergency Room Packages|General Medicine|Obstetrics & Gynaecology,2023-02-27
P178,"Daruna Nursing Home, Kochi",Nursing Home,F178,O029,Kochi,9.8845,76.278,private,Kerala,Ernakulam,Y,13,none,0,Emergency Room Packages|General Medicine|General Surgery|Obstetrics & Gynaecology,2024-07-28
P179,"Ekanta Community Health Centre, Madurai",Community Health Centre,F179,GOV,Madurai,9.9275,78.1401,public,Tamil Nadu,Madurai,Y,33,none,0,Emergency Room Packages|General Medicine|Obstetrics & Gynaecology,2019-09-20
P180,"Prayana Nursing Home, Bengaluru",Nursing Home,F180,O011,Bengaluru,12.9725,77.5724,private,Karnataka,Bengaluru Urban,X,28,none,0,Emergency Room Packages|General Medicine|General Surgery|Obstetrics & Gynaecology,2021-08-09
P181,"Navira Community Health Centre, Lucknow",Community Health Centre,F181,GOV,Lucknow,26.8348,80.9482,public,Uttar Pradesh,Lucknow,Y,37,none,0,Emergency Room Packages|General Medicine|Obstetrics & Gynaecology,2019-10-30
P182,"Kelvane Community Health Centre, Gurugram",Community Health Centre,F182,GOV,Gurugram,28.4943,77.0143,public,Haryana,Gurugram,Y,24,none,0,Emergency Room Packages|General Medicine|Obstetrics & Gynaecology,2019-03-03
P183,"Tavora Community Health Centre, Madurai",Community Health Centre,F183,GOV,Madurai,9.8762,78.1288,public,Tamil Nadu,Madurai,Y,35,none,0,Emergency Room Packages|General Medicine|Obstetrics & Gynaecology,2021-12-29
P184,"Ondira Government Medical College, Ranchi",Government Medical College,F184,GOV,Ranchi,23.313,85.2435,public,Jharkhand,Ranchi,Y,861,entry,1,Burns Management|Cardiology|ENT|Emergency Room Packages|General Medicine|General Surgery|Medical Oncology|Neo-natal Care|Obstetrics & Gynaecology|Ophthalmology|Orthopaedics,2023-01-27
P185,"Sorinda Nursing Home, Ranchi",Nursing Home,F185,O046,Ranchi,23.3377,85.3092,private,Jharkhand,Ranchi,Y,15,none,0,Emergency Room Packages|General Medicine|General Surgery|Obstetrics & Gynaecology,2024-06-03
P186,"Navira Community Health Centre, Barmer",Community Health Centre,F186,GOV,Barmer,25.7213,71.4211,public,Rajasthan,Barmer,Z,37,none,0,Emergency Room Packages|General Medicine|Obstetrics & Gynaecology,2021-09-06
P187,"Prayana Community Health Centre, Kalaburagi",Community Health Centre,F187,GOV,Kalaburagi,17.3377,76.8812,public,Karnataka,Kalaburagi,Y,24,none,0,Emergency Room Packages|General Medicine|Obstetrics & Gynaecology,2021-09-21
P188,"Shubhra Nursing Home, Dibrugarh",Nursing Home,F188,O010,Dibrugarh,27.4677,94.935,private,Assam,Dibrugarh,Z,17,none,0,Emergency Room Packages|General Medicine|General Surgery|Obstetrics & Gynaecology,2022-03-19
P189,"Varenya Community Health Centre, Azamgarh",Community Health Centre,F189,GOV,Azamgarh,26.0601,83.1944,public,Uttar Pradesh,Azamgarh,Z,28,entry,0,Emergency Room Packages|General Medicine|Obstetrics & Gynaecology,2022-04-06
P190,"Hridaya Nursing Home, Bengaluru",Nursing Home,F190,O034,Bengaluru,13.0399,77.5389,private,Karnataka,Bengaluru Urban,X,30,none,0,Emergency Room Packages|General Medicine|General Surgery|Obstetrics & Gynaecology,2020-09-15
P191,"Lumora Nursing Home, Gurugram",Nursing Home,F191,O038,Gurugram,28.4278,77.0345,private,Haryana,Gurugram,Y,19,none,0,Emergency Room Packages|General Medicine|General Surgery|Obstetrics & Gynaecology,2024-09-25
P192,"Yantara Orthopaedic Hospital, Jaipur",Orthopaedic Hospital,F192,O033,Jaipur,26.8997,75.731,private,Rajasthan,Jaipur,Y,51,none,0,General Medicine|Orthopaedics,2023-12-10
P193,"Tavora Eye Hospital, Chennai",Eye Hospital,F193,O019,Chennai,13.0923,80.243,private,Tamil Nadu,Chennai,X,23,none,0,Ophthalmology,2020-01-12
P194,"Niramay Heart Institute, Bhopal",Heart Institute,F194,O042,Bhopal,23.235,77.4036,private,Madhya Pradesh,Bhopal,Y,104,none,0,Cardiology|General Medicine,2024-10-29
P195,"Ambara Community Health Centre, Mumbai",Community Health Centre,F195,GOV,Mumbai,19.0816,72.8716,public,Maharashtra,Mumbai Suburban,X,30,none,0,Emergency Room Packages|General Medicine|Obstetrics & Gynaecology,2024-01-18
P196,"Avanta Dialysis Centre, Bhopal",Dialysis Centre,F196,O003,Bhopal,23.2832,77.4364,private,Madhya Pradesh,Bhopal,Y,16,none,0,General Medicine,2022-10-27
P197,"Daruna District Hospital, Amroha",District Hospital,F197,GOV,Amroha,28.9041,78.4613,public,Uttar Pradesh,Amroha,Z,199,none,0,Burns Management|Emergency Room Packages|General Medicine|General Surgery|Neo-natal Care|Obstetrics & Gynaecology|Ophthalmology|Orthopaedics,2023-07-25
P198,"Devanta Nursing Home, Lucknow",Nursing Home,F198,O031,Lucknow,26.8699,80.9119,private,Uttar Pradesh,Lucknow,Y,17,none,0,Emergency Room Packages|General Medicine|General Surgery|Obstetrics & Gynaecology,2023-03-27
P199,"Kelvane Nursing Home, Madurai",Nursing Home,F199,O006,Madurai,9.9163,78.1051,private,Tamil Nadu,Madurai,Y,25,none,0,Emergency Room Packages|General Medicine|General Surgery|Obstetrics & Gynaecology,2022-12-12
P200,"Yantara Multispecialty Hospital, Lucknow",Multispecialty Hospital,F200,O056,Lucknow,26.8397,80.9269,private,Uttar Pradesh,Lucknow,Y,46,none,0,Cardiology|ENT|Emergency Room Packages|General Medicine|General Surgery|Neo-natal Care|Obstetrics & Gynaecology|Orthopaedics,2022-03-12
P201,"Yantara Community Health Centre, Madurai",Community Health Centre,F201,GOV,Madurai,9.9853,78.1522,public,Tamil Nadu,Madurai,Y,27,none,0,Emergency Room Packages|General Medicine|Obstetrics & Gynaecology,2021-02-19
P202,"Ketaya Community Health Centre, Ahmedabad",Community Health Centre,F202,GOV,Ahmedabad,23.0318,72.5255,public,Gujarat,Ahmedabad,X,28,none,0,Emergency Room Packages|General Medicine|Obstetrics & Gynaecology,2019-03-27
P203,"Velora Nursing Home, Lucknow",Nursing Home,F203,O071,Lucknow,26.8387,80.9823,private,Uttar Pradesh,Lucknow,Y,31,none,0,Emergency Room Packages|General Medicine|General Surgery|Obstetrics & Gynaecology,2024-03-14
P204,"Ondira Community Health Centre, Raipur",Community Health Centre,F204,GOV,Raipur,21.228,81.6571,public,Chhattisgarh,Raipur,Y,37,none,0,Emergency Room Packages|General Medicine|Obstetrics & Gynaecology,2021-04-23
P205,"Zentara Community Health Centre, Balaghat",Community Health Centre,F205,GOV,Balaghat,21.8011,80.1639,public,Madhya Pradesh,Balaghat,Z,34,none,0,Emergency Room Packages|General Medicine|Obstetrics & Gynaecology,2024-11-08
P206,"Ketaya Community Health Centre, Bengaluru",Community Health Centre,F206,GOV,Bengaluru,13.0026,77.6011,public,Karnataka,Bengaluru Urban,X,23,none,0,Emergency Room Packages|General Medicine|Obstetrics & Gynaecology,2024-08-17
P207,"Varenya Nursing Home, Sidhi",Nursing Home,F207,O039,Sidhi,24.4204,81.8805,private,Madhya Pradesh,Sidhi,Z,29,none,0,Emergency Room Packages|General Medicine|General Surgery|Obstetrics & Gynaecology,2021-03-05
P208,"Rivaan Nursing Home, Azamgarh",Nursing Home,F208,O041,Azamgarh,26.0304,83.1794,private,Uttar Pradesh,Azamgarh,Z,29,none,0,Emergency Room Packages|General Medicine|General Surgery|Obstetrics & Gynaecology,2023-10-30
P209,"Prayana District Hospital, Jaipur",District Hospital,F209,GOV,Jaipur,26.8807,75.7369,public,Rajasthan,Jaipur,Y,318,entry,0,Burns Management|Emergency Room Packages|General Medicine|General Surgery|Neo-natal Care|Obstetrics & Gynaecology|Ophthalmology|Orthopaedics,2021-05-17
P210,"Udayam Community Health Centre, Jaipur",Community Health Centre,F210,GOV,Jaipur,26.9057,75.7905,public,Rajasthan,Jaipur,Y,32,none,0,Emergency Room Packages|General Medicine|Obstetrics & Gynaecology,2021-09-25
P211,"Yantara Nursing Home, Ranchi",Nursing Home,F211,O019,Ranchi,23.3848,85.294,private,Jharkhand,Ranchi,Y,27,entry,0,Emergency Room Packages|General Medicine|General Surgery|Obstetrics & Gynaecology,2023-05-20
P212,"Lumora Orthopaedic Hospital, Kochi",Orthopaedic Hospital,F212,O011,Kochi,9.9438,76.2781,private,Kerala,Ernakulam,Y,29,none,0,General Medicine|Orthopaedics,2024-08-09
P213,"Daruna Nursing Home, Lucknow",Nursing Home,F213,O048,Lucknow,26.8249,80.9059,private,Uttar Pradesh,Lucknow,Y,26,none,0,Emergency Room Packages|General Medicine|General Surgery|Obstetrics & Gynaecology,2022-01-19
P214,"Hridaya Multispecialty Hospital, Balaghat",Multispecialty Hospital,F214,O015,Balaghat,21.8073,80.2054,private,Madhya Pradesh,Balaghat,Z,100,none,0,Cardiology|ENT|Emergency Room Packages|General Medicine|General Surgery|Neo-natal Care|Obstetrics & Gynaecology|Orthopaedics,2024-02-05
P215,"Shubhra Nursing Home, Chennai",Nursing Home,F215,O042,Chennai,13.0798,80.2894,private,Tamil Nadu,Chennai,X,29,none,0,Emergency Room Packages|General Medicine|General Surgery|Obstetrics & Gynaecology,2020-01-19
P216,"Prayana Nursing Home, Guwahati",Nursing Home,F216,O064,Guwahati,26.0877,91.7818,private,Assam,Kamrup Metropolitan,Y,11,none,0,Emergency Room Packages|General Medicine|General Surgery|Obstetrics & Gynaecology,2020-11-29
P217,"Mirava Nursing Home, Bengaluru",Nursing Home,F217,O021,Bengaluru,12.9669,77.5752,private,Karnataka,Bengaluru Urban,X,25,none,0,Emergency Room Packages|General Medicine|General Surgery|Obstetrics & Gynaecology,2024-05-09
P218,"Charvi District Hospital, Ludhiana",District Hospital,F218,GOV,Ludhiana,30.8874,75.8288,public,Punjab,Ludhiana,Y,229,none,0,Burns Management|Emergency Room Packages|General Medicine|General Surgery|Neo-natal Care|Obstetrics & Gynaecology|Ophthalmology|Orthopaedics,2024-09-14
P219,"Shubhra Heart Institute, Bhopal",Heart Institute,F219,O021,Bhopal,23.2534,77.4368,private,Madhya Pradesh,Bhopal,Y,145,none,0,Cardiology|General Medicine,2023-01-01
P220,"Devanta Nursing Home, Guwahati",Nursing Home,F220,O051,Guwahati,26.1111,91.7083,private,Assam,Kamrup Metropolitan,Y,34,none,0,Emergency Room Packages|General Medicine|General Surgery|Obstetrics & Gynaecology,2020-05-06
P221,"Hridaya Multispecialty Hospital, Raipur",Multispecialty Hospital,F221,O034,Raipur,21.2592,81.604,private,Chhattisgarh,Raipur,Y,88,none,0,Cardiology|ENT|Emergency Room Packages|General Medicine|General Surgery|Neo-natal Care|Obstetrics & Gynaecology|Orthopaedics,2021-07-11
P222,"Avanta Dialysis Centre, Bhopal",Dialysis Centre,F222,O019,Bhopal,23.2456,77.4005,private,Madhya Pradesh,Bhopal,Y,16,none,0,General Medicine,2022-02-07
P223,"Shubhra Community Health Centre, Madurai",Community Health Centre,F223,GOV,Madurai,9.9048,78.0857,public,Tamil Nadu,Madurai,Y,27,entry,0,Emergency Room Packages|General Medicine|Obstetrics & Gynaecology,2021-05-05
P224,"Lumora Orthopaedic Hospital, Kalaburagi",Orthopaedic Hospital,F224,O012,Kalaburagi,17.3836,76.8729,private,Karnataka,Kalaburagi,Y,17,none,0,General Medicine|Orthopaedics,2022-03-24
P225,"Sorinda Multispecialty Hospital, Bengaluru",Multispecialty Hospital,F225,O051,Bengaluru,12.9568,77.6186,private,Karnataka,Bengaluru Urban,X,50,none,0,Cardiology|ENT|Emergency Room Packages|General Medicine|General Surgery|Neo-natal Care|Obstetrics & Gynaecology|Orthopaedics,2022-09-20
P226,"Ketaya Nursing Home, Prayagraj",Nursing Home,F226,O030,Prayagraj,25.397,81.7846,private,Uttar Pradesh,Prayagraj,Y,12,none,0,Emergency Room Packages|General Medicine|General Surgery|Obstetrics & Gynaecology,2019-10-26
P227,"Navira Heart Institute, Barmer",Heart Institute,F227,O065,Barmer,25.7846,71.3255,private,Rajasthan,Barmer,Z,143,none,0,Cardiology|General Medicine,2020-09-10
P228,"Ondira Government Medical College, Ahmedabad",Government Medical College,F228,GOV,Ahmedabad,23.0603,72.5504,public,Gujarat,Ahmedabad,X,656,none,1,Burns Management|Cardiology|ENT|Emergency Room Packages|General Medicine|General Surgery|Medical Oncology|Neo-natal Care|Obstetrics & Gynaecology|Ophthalmology|Orthopaedics,2023-07-20
P229,"Ondira Orthopaedic Hospital, Kochi",Orthopaedic Hospital,F229,O064,Kochi,9.899,76.2849,private,Kerala,Ernakulam,Y,18,none,0,General Medicine|Orthopaedics,2022-08-25
P230,"Ondira District Hospital, Raipur",District Hospital,F230,GOV,Raipur,21.235,81.6504,public,Chhattisgarh,Raipur,Y,160,none,0,Burns Management|Emergency Room Packages|General Medicine|General Surgery|Neo-natal Care|Obstetrics & Gynaecology|Ophthalmology|Orthopaedics,2019-05-28
P231,"Shubhra Nursing Home, Patna",Nursing Home,F231,O042,Patna,25.5826,85.1822,private,Bihar,Patna,Y,32,none,0,Emergency Room Packages|General Medicine|General Surgery|Obstetrics & Gynaecology,2019-06-26
P232,"Ambara Nursing Home, Raipur",Nursing Home,F232,O058,Raipur,21.2358,81.6385,private,Chhattisgarh,Raipur,Y,28,none,0,Emergency Room Packages|General Medicine|General Surgery|Obstetrics & Gynaecology,2022-02-01
P233,"Navira Community Health Centre, Kalaburagi",Community Health Centre,F233,GOV,Kalaburagi,17.2863,76.7979,public,Karnataka,Kalaburagi,Y,27,none,0,Emergency Room Packages|General Medicine|Obstetrics & Gynaecology,2021-03-19
P234,"Ekanta Orthopaedic Hospital, Balaghat",Orthopaedic Hospital,F234,O026,Balaghat,21.7755,80.2025,private,Madhya Pradesh,Balaghat,Z,30,none,0,General Medicine|Orthopaedics,2020-11-03
P235,"Ekanta Eye Hospital, Mumbai",Eye Hospital,F235,O001,Mumbai,19.142,72.8452,private,Maharashtra,Mumbai Suburban,X,29,none,0,Ophthalmology,2023-11-01
P236,"Navira Multispecialty Hospital, Bhopal",Multispecialty Hospital,F236,O042,Bhopal,23.2395,77.3848,private,Madhya Pradesh,Bhopal,Y,90,entry,0,Cardiology|ENT|Emergency Room Packages|General Medicine|General Surgery|Neo-natal Care|Obstetrics & Gynaecology|Orthopaedics,2023-01-15
P237,"Avanta Nursing Home, Hisar",Nursing Home,F237,O039,Hisar,29.1318,75.6717,private,Haryana,Hisar,Z,13,none,0,Emergency Room Packages|General Medicine|General Surgery|Obstetrics & Gynaecology,2019-08-16
P238,"Yantara Community Health Centre, Bengaluru",Community Health Centre,F238,GOV,Bengaluru,12.991,77.5629,public,Karnataka,Bengaluru Urban,X,33,none,0,Emergency Room Packages|General Medicine|Obstetrics & Gynaecology,2018-12-07
P239,"Charvi Multispecialty Hospital, Kalaburagi",Multispecialty Hospital,F239,O018,Kalaburagi,17.3133,76.8112,private,Karnataka,Kalaburagi,Y,69,none,0,Cardiology|ENT|Emergency Room Packages|General Medicine|General Surgery|Neo-natal Care|Obstetrics & Gynaecology|Orthopaedics,2023-02-28
P240,"Ambara Multispecialty Hospital, Ranchi",Multispecialty Hospital,F240,O004,Ranchi,23.3176,85.2927,private,Jharkhand,Ranchi,Y,116,entry,0,Cardiology|ENT|Emergency Room Packages|General Medicine|General Surgery|Neo-natal Care|Obstetrics & Gynaecology|Orthopaedics,2023-10-25
P241,"Avanta Community Health Centre, Bhopal",Community Health Centre,F241,GOV,Bhopal,23.2263,77.4631,public,Madhya Pradesh,Bhopal,Y,35,none,0,Emergency Room Packages|General Medicine|Obstetrics & Gynaecology,2023-03-31
P242,"Ekanta District Hospital, Nagpur",District Hospital,F242,GOV,Nagpur,21.1636,79.0929,public,Maharashtra,Nagpur,Y,224,none,0,Burns Management|Emergency Room Packages|General Medicine|General Surgery|Neo-natal Care|Obstetrics & Gynaecology|Ophthalmology|Orthopaedics,2023-05-29
P243,"Zentara Government Medical College, Ludhiana",Government Medical College,F243,GOV,Ludhiana,30.9038,75.8604,public,Punjab,Ludhiana,Y,644,none,1,Burns Management|Cardiology|ENT|Emergency Room Packages|General Medicine|General Surgery|Medical Oncology|Neo-natal Care|Obstetrics & Gynaecology|Ophthalmology|Orthopaedics,2023-06-01
P244,"Tavora Eye Hospital, Jaipur",Eye Hospital,F244,O042,Jaipur,26.9413,75.7947,private,Rajasthan,Jaipur,Y,21,entry,0,Ophthalmology,2021-11-25
P245,"Prayana Nursing Home, Kalaburagi",Nursing Home,F245,O009,Kalaburagi,17.3148,76.8775,private,Karnataka,Kalaburagi,Y,21,none,0,Emergency Room Packages|General Medicine|General Surgery|Obstetrics & Gynaecology,2018-12-14
P246,"Ekanta Nursing Home, Kochi",Nursing Home,F246,O019,Kochi,9.9667,76.2415,private,Kerala,Ernakulam,Y,25,none,0,Emergency Room Packages|General Medicine|General Surgery|Obstetrics & Gynaecology,2020-11-29
P247,"Yantara Dialysis Centre, Chennai",Dialysis Centre,F247,O043,Chennai,13.0822,80.2925,private,Tamil Nadu,Chennai,X,11,none,0,General Medicine,2023-12-14
P248,"Yantara Nursing Home, Sidhi",Nursing Home,F248,O059,Sidhi,24.4017,81.8544,private,Madhya Pradesh,Sidhi,Z,29,none,0,Emergency Room Packages|General Medicine|General Surgery|Obstetrics & Gynaecology,2021-08-09
P249,"Ketaya Nursing Home, Kalaburagi",Nursing Home,F249,O053,Kalaburagi,17.3414,76.8258,private,Karnataka,Kalaburagi,Y,13,none,0,Emergency Room Packages|General Medicine|General Surgery|Obstetrics & Gynaecology,2020-05-21
P250,"Rivaan Nursing Home, Madurai",Nursing Home,F250,O066,Madurai,9.9381,78.1349,private,Tamil Nadu,Madurai,Y,17,none,0,Emergency Room Packages|General Medicine|General Surgery|Obstetrics & Gynaecology,2022-10-24
P251,"Tavora Government Medical College, Guwahati",Government Medical College,F251,GOV,Guwahati,26.1459,91.6995,public,Assam,Kamrup Metropolitan,Y,879,entry,1,Burns Management|Cardiology|ENT|Emergency Room Packages|General Medicine|General Surgery|Medical Oncology|Neo-natal Care|Obstetrics & Gynaecology|Ophthalmology|Orthopaedics,2019-11-04
P252,"Navira Nursing Home, Lucknow",Nursing Home,F252,O037,Lucknow,26.825,80.9384,private,Uttar Pradesh,Lucknow,Y,23,none,0,Emergency Room Packages|General Medicine|General Surgery|Obstetrics & Gynaecology,2019-09-14
P253,"Olvira Nursing Home, Bengaluru",Nursing Home,F253,O040,Bengaluru,12.9647,77.5902,private,Karnataka,Bengaluru Urban,X,24,none,0,Emergency Room Packages|General Medicine|General Surgery|Obstetrics & Gynaecology,2019-05-27
P254,"Ishvara District Hospital, Gurugram",District Hospital,F254,GOV,Gurugram,28.4518,77.0451,public,Haryana,Gurugram,Y,251,none,0,Burns Management|Emergency Room Packages|General Medicine|General Surgery|Neo-natal Care|Obstetrics & Gynaecology|Ophthalmology|Orthopaedics,2024-04-02
P255,"Ishvara Community Health Centre, Kochi",Community Health Centre,F255,GOV,Kochi,9.9496,76.2633,public,Kerala,Ernakulam,Y,35,none,0,Emergency Room Packages|General Medicine|Obstetrics & Gynaecology,2022-07-04
P256,"Shubhra Community Health Centre, Prayagraj",Community Health Centre,F256,GOV,Prayagraj,25.4762,81.9346,public,Uttar Pradesh,Prayagraj,Y,21,none,0,Emergency Room Packages|General Medicine|Obstetrics & Gynaecology,2020-03-05
P257,"Zentara Multispecialty Hospital, Ahmedabad",Multispecialty Hospital,F257,O031,Ahmedabad,23.0426,72.6265,private,Gujarat,Ahmedabad,X,83,entry,0,Cardiology|ENT|Emergency Room Packages|General Medicine|General Surgery|Neo-natal Care|Obstetrics & Gynaecology|Orthopaedics,2023-04-08
P258,"Daruna District Hospital, Purnia",District Hospital,F258,GOV,Purnia,25.8001,87.4039,public,Bihar,Purnia,Z,261,none,0,Burns Management|Emergency Room Packages|General Medicine|General Surgery|Neo-natal Care|Obstetrics & Gynaecology|Ophthalmology|Orthopaedics,2019-03-20
P259,"Yantara Government Medical College, Patna",Government Medical College,F259,GOV,Patna,25.6209,85.1435,public,Bihar,Patna,Y,693,none,1,Burns Management|Cardiology|ENT|Emergency Room Packages|General Medicine|General Surgery|Medical Oncology|Neo-natal Care|Obstetrics & Gynaecology|Ophthalmology|Orthopaedics,2022-10-06
P260,"Zentara Orthopaedic Hospital, Raipur",Orthopaedic Hospital,F260,O003,Raipur,21.2847,81.6466,private,Chhattisgarh,Raipur,Y,35,entry,0,General Medicine|Orthopaedics,2021-10-12
P261,"Ambara Government Medical College, Kalaburagi",Government Medical College,F261,GOV,Kalaburagi,17.3161,76.8403,public,Karnataka,Kalaburagi,Y,907,entry,1,Burns Management|Cardiology|ENT|Emergency Room Packages|General Medicine|General Surgery|Medical Oncology|Neo-natal Care|Obstetrics & Gynaecology|Ophthalmology|Orthopaedics,2024-07-24
P262,"Ishvara Dialysis Centre, Patna",Dialysis Centre,F262,O020,Patna,25.5528,85.1817,private,Bihar,Patna,Y,24,none,0,General Medicine,2022-02-07
P263,"Sorinda Multispecialty Hospital, Purnia",Multispecialty Hospital,F263,O067,Purnia,25.7826,87.3842,private,Bihar,Purnia,Z,148,none,0,Cardiology|ENT|Emergency Room Packages|General Medicine|General Surgery|Neo-natal Care|Obstetrics & Gynaecology|Orthopaedics,2021-03-07
P264,"Devanta Community Health Centre, Sidhi",Community Health Centre,F264,GOV,Sidhi,24.4631,81.8478,public,Madhya Pradesh,Sidhi,Z,21,none,0,Emergency Room Packages|General Medicine|Obstetrics & Gynaecology,2022-08-09
P265,"Varenya Community Health Centre, Madurai",Community Health Centre,F265,GOV,Madurai,9.8902,78.1663,public,Tamil Nadu,Madurai,Y,31,none,0,Emergency Room Packages|General Medicine|Obstetrics & Gynaecology,2019-05-27
P266,"Olvira Nursing Home, Madurai",Nursing Home,F266,O043,Madurai,9.8991,78.1564,private,Tamil Nadu,Madurai,Y,13,none,0,Emergency Room Packages|General Medicine|General Surgery|Obstetrics & Gynaecology,2022-01-23
P267,"Samvedra Dialysis Centre, Bengaluru",Dialysis Centre,F267,O014,Bengaluru,12.9697,77.6586,private,Karnataka,Bengaluru Urban,X,19,none,0,General Medicine,2020-08-01
P268,"Velora Nursing Home, Kozhikode",Nursing Home,F268,O062,Kozhikode,11.2412,75.8296,private,Kerala,Kozhikode,Y,16,entry,0,Emergency Room Packages|General Medicine|General Surgery|Obstetrics & Gynaecology,2020-05-09
P269,"Ekanta Community Health Centre, Chennai",Community Health Centre,F269,GOV,Chennai,13.1076,80.2315,public,Tamil Nadu,Chennai,X,21,entry,0,Emergency Room Packages|General Medicine|Obstetrics & Gynaecology,2019-12-29
P270,"Zentara Orthopaedic Hospital, Barmer",Orthopaedic Hospital,F270,O017,Barmer,25.7502,71.421,private,Rajasthan,Barmer,Z,44,full,0,General Medicine|Orthopaedics,2021-08-28
P271,"Rivaan Nursing Home, Barmer",Nursing Home,F271,O017,Barmer,25.7731,71.3815,private,Rajasthan,Barmer,Z,18,none,0,Emergency Room Packages|General Medicine|General Surgery|Obstetrics & Gynaecology,2023-04-16
P272,"Ekanta District Hospital, Madurai",District Hospital,F272,GOV,Madurai,9.9368,78.1263,public,Tamil Nadu,Madurai,Y,304,none,0,Burns Management|Emergency Room Packages|General Medicine|General Surgery|Neo-natal Care|Obstetrics & Gynaecology|Ophthalmology|Orthopaedics,2019-12-30
P273,"Sorinda Government Medical College, Kochi",Government Medical College,F273,GOV,Kochi,9.9401,76.2717,public,Kerala,Ernakulam,Y,733,none,1,Burns Management|Cardiology|ENT|Emergency Room Packages|General Medicine|General Surgery|Medical Oncology|Neo-natal Care|Obstetrics & Gynaecology|Ophthalmology|Orthopaedics,2023-08-15
P274,"Olvira Community Health Centre, Bhavnagar",Community Health Centre,F274,GOV,Bhavnagar,21.7226,72.136,public,Gujarat,Bhavnagar,Y,22,none,0,Emergency Room Packages|General Medicine|Obstetrics & Gynaecology,2022-07-24
P275,"Prayana Multispecialty Hospital, Ahmedabad",Multispecialty Hospital,F275,O013,Ahmedabad,22.9985,72.5549,private,Gujarat,Ahmedabad,X,93,none,0,Cardiology|ENT|Emergency Room Packages|General Medicine|General Surgery|Neo-natal Care|Obstetrics & Gynaecology|Orthopaedics,2021-10-09
P276,"Ambara Cancer Centre, Chennai",Cancer Centre,F276,O005,Chennai,13.019,80.2932,private,Tamil Nadu,Chennai,X,105,none,0,General Medicine|Medical Oncology,2024-04-29
P277,"Tejora Nursing Home, Jagdalpur",Nursing Home,F277,O047,Jagdalpur,19.0548,82.0037,private,Chhattisgarh,Bastar,Z,17,none,0,Emergency Room Packages|General Medicine|General Surgery|Obstetrics & Gynaecology,2020-05-26
P278,"Varenya Nursing Home, Barmer",Nursing Home,F278,O070,Barmer,25.7315,71.3965,private,Rajasthan,Barmer,Z,26,none,0,Emergency Room Packages|General Medicine|General Surgery|Obstetrics & Gynaecology,2019-03-12
P279,"Daruna Nursing Home, Bengaluru",Nursing Home,F279,O065,Bengaluru,12.9782,77.6046,private,Karnataka,Bengaluru Urban,X,27,none,0,Emergency Room Packages|General Medicine|General Surgery|Obstetrics & Gynaecology,2021-08-14
P280,"Hridaya Multispecialty Hospital, Chennai",Multispecialty Hospital,F280,O065,Chennai,13.0434,80.254,private,Tamil Nadu,Chennai,X,75,full,0,Cardiology|ENT|Emergency Room Packages|General Medicine|General Surgery|Neo-natal Care|Obstetrics & Gynaecology|Orthopaedics,2019-03-18
P281,"Jivanta Community Health Centre, Bengaluru",Community Health Centre,F281,GOV,Bengaluru,13.0212,77.5814,public,Karnataka,Bengaluru Urban,X,24,none,0,Emergency Room Packages|General Medicine|Obstetrics & Gynaecology,2022-12-18
P282,"Samvedra Nursing Home, Chennai",Nursing Home,F282,O068,Chennai,13.1145,80.3045,private,Tamil Nadu,Chennai,X,28,none,0,Emergency Room Packages|General Medicine|General Surgery|Obstetrics & Gynaecology,2019-09-26
P283,"Navira Nursing Home, Azamgarh",Nursing Home,F283,O038,Azamgarh,26.0374,83.139,private,Uttar Pradesh,Azamgarh,Z,32,none,0,Emergency Room Packages|General Medicine|General Surgery|Obstetrics & Gynaecology,2019-10-26
P284,"Tavora Community Health Centre, Balaghat",Community Health Centre,F284,GOV,Balaghat,21.7528,80.1698,public,Madhya Pradesh,Balaghat,Z,28,none,0,Emergency Room Packages|General Medicine|Obstetrics & Gynaecology,2024-08-07
P285,"Ekanta District Hospital, Jaipur",District Hospital,F285,GOV,Jaipur,26.8599,75.7498,public,Rajasthan,Jaipur,Y,145,entry,0,Burns Management|Emergency Room Packages|General Medicine|General Surgery|Neo-natal Care|Obstetrics & Gynaecology|Ophthalmology|Orthopaedics,2022-01-17
P286,"Ondira Community Health Centre, Kalaburagi",Community Health Centre,F286,GOV,Kalaburagi,17.3372,76.8365,public,Karnataka,Kalaburagi,Y,30,none,0,Emergency Room Packages|General Medicine|Obstetrics & Gynaecology,2022-06-08
P287,"Avanta Community Health Centre, Ahmedabad",Community Health Centre,F287,GOV,Ahmedabad,22.9809,72.6511,public,Gujarat,Ahmedabad,X,34,none,0,Emergency Room Packages|General Medicine|Obstetrics & Gynaecology,2020-03-28
P288,"Ekanta Government Medical College, Bengaluru",Government Medical College,F288,GOV,Bengaluru,12.9593,77.5531,public,Karnataka,Bengaluru Urban,X,747,none,1,Burns Management|Cardiology|ENT|Emergency Room Packages|General Medicine|General Surgery|Medical Oncology|Neo-natal Care|Obstetrics & Gynaecology|Ophthalmology|Orthopaedics,2022-06-08
P289,"Tejora Dialysis Centre, Prayagraj",Dialysis Centre,F289,O028,Prayagraj,25.4548,81.8868,private,Uttar Pradesh,Prayagraj,Y,16,entry,0,General Medicine,2023-07-29
P290,"Hridaya Community Health Centre, Prayagraj",Community Health Centre,F290,GOV,Prayagraj,25.4497,81.8926,public,Uttar Pradesh,Prayagraj,Y,23,none,0,Emergency Room Packages|General Medicine|Obstetrics & Gynaecology,2022-05-13
P291,"Varenya Multispecialty Hospital, Jagdalpur",Multispecialty Hospital,F291,O048,Jagdalpur,19.1001,81.9559,private,Chhattisgarh,Bastar,Z,127,none,0,Cardiology|ENT|Emergency Room Packages|General Medicine|General Surgery|Neo-natal Care|Obstetrics & Gynaecology|Orthopaedics,2022-01-22
P292,"Prayana Multispecialty Hospital, Madurai",Multispecialty Hospital,F292,O027,Madurai,9.8894,78.0797,private,Tamil Nadu,Madurai,Y,107,none,0,Cardiology|ENT|Emergency Room Packages|General Medicine|General Surgery|Neo-natal Care|Obstetrics & Gynaecology|Orthopaedics,2020-10-15
P293,"Ekanta District Hospital, Prayagraj",District Hospital,F293,GOV,Prayagraj,25.4578,81.8494,public,Uttar Pradesh,Prayagraj,Y,189,none,0,Burns Management|Emergency Room Packages|General Medicine|General Surgery|Neo-natal Care|Obstetrics & Gynaecology|Ophthalmology|Orthopaedics,2021-10-23
P294,"Yantara Multispecialty Hospital, Jagdalpur",Multispecialty Hospital,F294,O055,Jagdalpur,19.0988,81.9904,private,Chhattisgarh,Bastar,Z,119,none,0,Cardiology|ENT|Emergency Room Packages|General Medicine|General Surgery|Neo-natal Care|Obstetrics & Gynaecology|Orthopaedics,2019-10-15
P295,"Sorinda Community Health Centre, Ahmedabad",Community Health Centre,F295,GOV,Ahmedabad,23.0465,72.5783,public,Gujarat,Ahmedabad,X,27,none,0,Emergency Room Packages|General Medicine|Obstetrics & Gynaecology,2021-12-29
P296,"Ondira Dialysis Centre, Kochi",Dialysis Centre,F296,O043,Kochi,9.9529,76.311,private,Kerala,Ernakulam,Y,10,none,0,General Medicine,2021-01-19
P297,"Prayana Nursing Home, Jagdalpur",Nursing Home,F297,O053,Jagdalpur,19.0399,82.0411,private,Chhattisgarh,Bastar,Z,26,none,0,Emergency Room Packages|General Medicine|General Surgery|Obstetrics & Gynaecology,2020-11-30
P298,"Ishvara Nursing Home, Barmer",Nursing Home,F298,O062,Barmer,25.6749,71.3841,private,Rajasthan,Barmer,Z,16,none,0,Emergency Room Packages|General Medicine|General Surgery|Obstetrics & Gynaecology,2021-03-15
P299,"Ishvara Dialysis Centre, Jagdalpur",Dialysis Centre,F299,O040,Jagdalpur,19.0891,82.037,private,Chhattisgarh,Bastar,Z,24,none,0,General Medicine,2024-02-17
P300,"Shubhra Community Health Centre, Kochi",Community Health Centre,F300,GOV,Kochi,9.976,76.2806,public,Kerala,Ernakulam,Y,26,none,0,Emergency Room Packages|General Medicine|Obstetrics & Gynaecology,2023-11-27
