referral_id,from_provider_id,to_provider_id,member_id,referral_date
R00001,P177,P239,M012126,2025-10-02
R00002,P006,P254,M009226,2025-10-04
R00003,P092,P200,M015367,2025-10-04
R00004,P013,P022,M022962,2025-10-05
R00005,P157,P197,M019766,2025-10-06
R00006,P149,P261,M023048,2025-10-06
R00007,P082,P035,M025590,2025-10-06
R00008,P108,P028,M023375,2025-10-06
R00009,P155,P022,M004370,2025-10-07
R00010,P233,P261,M007458,2025-10-07
R00011,P231,P259,M010884,2025-10-08
R00012,P160,P047,M005717,2025-10-09
R00013,P155,P200,M007442,2025-10-10
R00014,P159,P288,M004124,2025-10-10
R00015,P283,P007,M019455,2025-10-10
R00016,P084,P029,M016988,2025-10-12
R00017,P181,P148,M015370,2025-10-14
R00018,P281,P288,M011199,2025-10-14
R00019,P073,P068,M007580,2025-10-16
R00020,P132,P236,M003632,2025-10-16
R00021,P150,P261,M023970,2025-10-17
R00022,P199,P123,M004381,2025-10-17
R00023,P152,P148,M025756,2025-10-18
R00024,P125,P141,M011018,2025-10-18
R00025,P051,P153,M004838,2025-10-19
R00026,P006,P058,M014512,2025-10-20
R00027,P077,P007,M009308,2025-10-20
R00028,P284,P028,M025147,2025-10-20
R00029,P187,P261,M025633,2025-10-21
R00030,P016,P200,M024020,2025-10-21
R00031,P079,P074,M000985,2025-10-22
R00032,P215,P053,M020092,2025-10-24
R00033,P268,P035,M001779,2025-10-24
R00034,P265,P029,M022043,2025-10-25
R00035,P067,P072,M012917,2025-10-25
R00036,P177,P239,M001949,2025-10-25
R00037,P233,P239,M012982,2025-10-27
R00038,P233,P239,M006395,2025-10-29
R00039,P190,P107,M011176,2025-10-29
R00040,P030,P165,M014319,2025-10-31
R00041,P177,P261,M014669,2025-10-31
R00042,P143,P230,M022129,2025-10-31
R00043,P092,P167,M024614,2025-11-01
R00044,P181,P167,M014855,2025-11-01
R00045,P150,P239,M022651,2025-11-02
R00046,P253,P288,M010212,2025-11-03
R00047,P265,P029,M005877,2025-11-04
R00048,P115,P005,M009318,2025-11-04
R00049,P138,P257,M015497,2025-11-04
R00050,P043,P074,M002557,2025-11-05
R00051,P265,P029,M009833,2025-11-06
R00052,P031,P272,M015706,2025-11-07
R00053,P143,P221,M002893,2025-11-07
R00054,P082,P035,M012993,2025-11-09
R00055,P113,P029,M001579,2025-11-10
R00056,P256,P141,M000163,2025-11-10
R00057,P018,P122,M002947,2025-11-11
R00058,P146,P065,M002199,2025-11-13
R00059,P077,P057,M009777,2025-11-13
R00060,P176,P090,M008244,2025-11-13
R00061,P146,P276,M019890,2025-11-14
R00062,P171,P142,M000899,2025-11-15
R00063,P177,P239,M014798,2025-11-15
R00064,P181,P093,M009201,2025-11-15
R00065,P013,P167,M007237,2025-11-17
R00066,P155,P093,M008311,2025-11-18
R00067,P119,P259,M020468,2025-11-18
R00068,P154,P275,M009112,2025-11-19
R00069,P051,P153,M006456,2025-11-21
R00070,P048,P039,M000323,2025-11-22
R00071,P206,P288,M004788,2025-11-24
R00072,P157,P197,M002255,2025-11-25
R00073,P095,P293,M016168,2025-11-26
R00074,P191,P086,M013313,2025-11-26
R00075,P108,P214,M024928,2025-11-28
R00076,P073,P294,M003210,2025-11-28
R00077,P238,P225,M003232,2025-11-29
R00078,P164,P004,M007095,2025-11-29
R00079,P018,P194,M004630,2025-11-29
R00080,P290,P293,M014177,2025-11-30
R00081,P157,P197,M015332,2025-11-30
R00082,P266,P272,M018412,2025-11-30
R00083,P255,P100,M008846,2025-11-30
R00084,P207,P104,M013848,2025-11-30
R00085,P106,P090,M007630,2025-12-01
R00086,P271,P227,M021979,2025-12-02
R00087,P032,P242,M017364,2025-12-04
R00088,P102,P090,M013127,2025-12-04
R00089,P282,P276,M010228,2025-12-04
R00090,P220,P251,M006766,2025-12-04
R00091,P232,P052,M003147,2025-12-06
R00092,P160,P162,M002033,2025-12-11
R00093,P084,P029,M010346,2025-12-11
R00094,P125,P141,M012601,2025-12-12
R00095,P146,P280,M004296,2025-12-13
R00096,P187,P261,M016127,2025-12-13
R00097,P180,P225,M016077,2025-12-13
R00098,P282,P053,M012177,2025-12-14
R00099,P183,P292,M004285,2025-12-14
R00100,P002,P074,M020590,2025-12-15
R00101,P179,P272,M006391,2025-12-16
R00102,P233,P261,M000894,2025-12-16
R00103,P040,P239,M017405,2025-12-17
R00104,P164,P075,M025718,2025-12-19
R00105,P043,P074,M017977,2025-12-19
R00106,P059,P200,M014599,2025-12-20
R00107,P116,P239,M018829,2025-12-21
R00108,P238,P225,M019931,2025-12-21
R00109,P101,P209,M001363,2025-12-22
R00110,P286,P261,M019875,2025-12-22
R00111,P108,P028,M009371,2025-12-24
R00112,P127,P151,M019518,2025-12-25
R00113,P059,P022,M013697,2025-12-25
R00114,P125,P293,M016698,2025-12-26
R00115,P271,P026,M005830,2025-12-27
R00116,P117,P090,M014654,2025-12-27
R00117,P252,P148,M008493,2025-12-28
R00118,P282,P074,M014131,2025-12-28
R00119,P269,P074,M010744,2025-12-29
R00120,P014,P035,M010124,2025-12-30
R00121,P191,P058,M016832,2025-12-30
R00122,P172,P090,M019059,2025-12-30
R00123,P002,P280,M009710,2025-12-31
R00124,P183,P123,M024999,2026-01-01
R00125,P041,P294,M023860,2026-01-02
R00126,P102,P090,M025648,2026-01-03
R00127,P185,P144,M011736,2026-01-03
R00128,P152,P093,M001137,2026-01-04
R00129,P164,P075,M003333,2026-01-05
R00130,P045,P039,M015802,2026-01-07
R00131,P138,P005,M015050,2026-01-08
R00132,P020,P174,M005381,2026-01-08
R00133,P177,P261,M011282,2026-01-09
R00134,P179,P272,M024732,2026-01-10
R00135,P105,P088,M003615,2026-01-11
R00136,P010,P239,M013163,2026-01-12
R00137,P253,P107,M023678,2026-01-14
R00138,P128,P257,M014298,2026-01-14
R00139,P207,P104,M014091,2026-01-15
R00140,P181,P167,M006499,2026-01-16
R00141,P043,P276,M003009,2026-01-17
R00142,P128,P005,M014976,2026-01-17
R00143,P281,P288,M018950,2026-01-18
R00144,P149,P239,M017135,2026-01-19
R00145,P140,P242,M003777,2026-01-19
R00146,P300,P034,M008428,2026-01-20
R00147,P191,P086,M010613,2026-01-20
R00148,P031,P123,M012490,2026-01-20
R00149,P268,P145,M013821,2026-01-20
R00150,P099,P104,M004528,2026-01-20
R00151,P181,P148,M007523,2026-01-21
R00152,P032,P242,M002991,2026-01-22
R00153,P032,P242,M000352,2026-01-22
R00154,P181,P093,M025196,2026-01-22
R00155,P223,P029,M008383,2026-01-22
R00156,P002,P065,M015738,2026-01-23
R00157,P282,P074,M009831,2026-01-23
R00158,P079,P074,M008719,2026-01-26
R00159,P016,P167,M010835,2026-01-26
R00160,P045,P039,M009435,2026-01-28
R00161,P043,P074,M022006,2026-01-28
R00162,P043,P074,M023065,2026-01-29
R00163,P073,P291,M006951,2026-01-29
R00164,P231,P259,M011122,2026-01-29
R00165,P013,P167,M018852,2026-01-30
R00166,P079,P036,M022891,2026-01-30
R00167,P245,P261,M024128,2026-01-30
R00168,P216,P251,M010291,2026-01-31
R00169,P277,P068,M000926,2026-01-31
R00170,P205,P214,M005046,2026-01-31
R00171,P205,P028,M025381,2026-02-01
R00172,P185,P139,M008009,2026-02-01
R00173,P182,P058,M021151,2026-02-03
R00174,P195,P158,M021821,2026-02-03
R00175,P183,P029,M005965,2026-02-04
R00176,P264,P104,M025080,2026-02-04
R00177,P049,P259,M002125,2026-02-05
R00178,P155,P091,M016254,2026-02-06
R00179,P297,P294,M006073,2026-02-06
R00180,P137,P225,M002512,2026-02-07
R00181,P253,P107,M020595,2026-02-08
R00182,P138,P257,M009405,2026-02-08
R00183,P080,P230,M002921,2026-02-08
R00184,P103,P141,M013665,2026-02-09
R00185,P177,P239,M000408,2026-02-09
R00186,P248,P104,M022057,2026-02-10
R00187,P211,P144,M009605,2026-02-13
R00188,P137,P107,M007053,2026-02-14
R00189,P199,P123,M007154,2026-02-17
R00190,P095,P293,M002770,2026-02-17
R00191,P233,P239,M006387,2026-02-17
R00192,P216,P251,M013315,2026-02-19
R00193,P077,P007,M003340,2026-02-21
R00194,P009,P293,M000487,2026-02-22
R00195,P156,P221,M024788,2026-02-24
R00196,P300,P100,M007514,2026-02-24
R00197,P297,P291,M008600,2026-02-24
R00198,P207,P104,M001682,2026-02-24
R00199,P298,P227,M005404,2026-02-25
R00200,P154,P257,M010470,2026-02-25
R00201,P287,P257,M020395,2026-02-26
R00202,P113,P123,M009725,2026-02-27
R00203,P278,P026,M014606,2026-02-28
R00204,P080,P230,M001387,2026-02-28
R00205,P241,P236,M024651,2026-03-01
R00206,P203,P152,M003882,2026-03-01
R00207,P203,P152,M009583,2026-03-01
R00208,P203,P152,M002591,2026-03-01
R00209,P022,P059,M003885,2026-03-01
R00210,P022,P059,M009159,2026-03-02
R00211,P152,P148,M004895,2026-03-02
R00212,P059,P203,M001780,2026-03-02
R00213,P059,P203,M004275,2026-03-03
R00214,P022,P059,M008055,2026-03-03
R00215,P077,P057,M025521,2026-03-03
R00216,P059,P203,M002590,2026-03-03
R00217,P187,P239,M020365,2026-03-05
R00218,P189,P011,M017905,2026-03-05
R00219,P177,P261,M005990,2026-03-05
R00220,P105,P088,M014185,2026-03-05
R00221,P125,P141,M010297,2026-03-05
R00222,P016,P148,M002392,2026-03-06
R00223,P204,P142,M012445,2026-03-06
R00224,P041,P068,M007748,2026-03-06
R00225,P183,P292,M025001,2026-03-06
R00226,P152,P148,M008213,2026-03-07
R00227,P203,P152,M004892,2026-03-08
R00228,P121,P242,M012388,2026-03-08
R00229,P203,P152,M003864,2026-03-08
R00230,P152,P148,M002590,2026-03-08
R00231,P152,P148,M008212,2026-03-09
R00232,P022,P059,M000920,2026-03-09
R00233,P022,P059,M001783,2026-03-09
R00234,P020,P225,M014276,2026-03-10
R00235,P203,P152,M009584,2026-03-10
R00236,P022,P059,M000919,2026-03-10
R00237,P148,P022,M008056,2026-03-10
R00238,P233,P261,M001802,2026-03-11
R00239,P233,P239,M018676,2026-03-11
R00240,P148,P022,M002588,2026-03-11
R00241,P152,P148,M009584,2026-03-11
R00242,P256,P293,M019184,2026-03-11
R00243,P199,P272,M005353,2026-03-11
R00244,P148,P022,M002593,2026-03-11
R00245,P127,P131,M001316,2026-03-12
R00246,P281,P225,M010376,2026-03-12
R00247,P152,P148,M001135,2026-03-12
R00248,P203,P152,M009580,2026-03-13
R00249,P233,P261,M012497,2026-03-13
R00250,P084,P292,M007174,2026-03-13
R00251,P255,P038,M016640,2026-03-13
R00252,P027,P053,M023460,2026-03-14
R00253,P241,P236,M020252,2026-03-14
R00254,P152,P148,M008212,2026-03-14
R00255,P023,P141,M022897,2026-03-14
R00256,P041,P294,M017106,2026-03-14
R00257,P059,P203,M009135,2026-03-15
R00258,P152,P148,M002324,2026-03-15
R00259,P215,P053,M000673,2026-03-16
R00260,P116,P261,M008364,2026-03-16
R00261,P059,P203,M013827,2026-03-16
R00262,P111,P011,M025518,2026-03-16
R00263,P148,P022,M008055,2026-03-17
R00264,P148,P022,M003639,2026-03-17
R00265,P245,P239,M000327,2026-03-18
R00266,P279,P107,M000257,2026-03-18
R00267,P195,P158,M004626,2026-03-18
R00268,P150,P239,M014333,2026-03-19
R00269,P211,P153,M020801,2026-03-20
R00270,P216,P251,M025206,2026-03-20
R00271,P148,P022,M007999,2026-03-20
R00272,P059,P203,M003884,2026-03-20
R00273,P022,P059,M004759,2026-03-20
R00274,P206,P288,M024992,2026-03-20
R00275,P160,P209,M018735,2026-03-21
R00276,P148,P022,M013825,2026-03-21
R00277,P203,P152,M004895,2026-03-21
R00278,P059,P203,M013828,2026-03-21
R00279,P148,P022,M002588,2026-03-22
R00280,P059,P203,M009135,2026-03-22
R00281,P148,P022,M009157,2026-03-22
R00282,P152,P148,M004758,2026-03-22
R00283,P148,P022,M008212,2026-03-22
R00284,P059,P203,M003884,2026-03-23
R00285,P132,P134,M013237,2026-03-23
R00286,P148,P022,M008055,2026-03-23
R00287,P119,P259,M023202,2026-03-23
R00288,P148,P022,M008212,2026-03-23
R00289,P022,P059,M003861,2026-03-24
R00290,P203,P152,M005592,2026-03-25
R00291,P203,P152,M001138,2026-03-25
R00292,P102,P090,M023237,2026-03-25
R00293,P045,P145,M013244,2026-03-25
R00294,P279,P174,M015880,2026-03-25
R00295,P152,P148,M004759,2026-03-26
R00296,P128,P012,M000076,2026-03-26
R00297,P022,P059,M004894,2026-03-26
R00298,P152,P148,M009159,2026-03-26
R00299,P281,P288,M023399,2026-03-27
R00300,P042,P243,M019470,2026-03-27
R00301,P203,P152,M003863,2026-03-28
R00302,P022,P059,M001138,2026-03-28
R00303,P022,P059,M002321,2026-03-28
R00304,P152,P148,M003861,2026-03-28
R00305,P179,P029,M000124,2026-03-29
R00306,P049,P259,M012804,2026-03-29
R00307,P152,P167,M020865,2026-03-29
R00308,P203,P152,M009582,2026-03-30
R00309,P016,P093,M008313,2026-03-30
R00310,P252,P022,M021487,2026-03-31
R00311,P233,P261,M023449,2026-03-31
R00312,P119,P259,M001624,2026-03-31
R00313,P022,P059,M009133,2026-04-01
R00314,P059,P203,M002319,2026-04-01
R00315,P203,P152,M000921,2026-04-01
R00316,P203,P152,M004896,2026-04-01
R00317,P203,P152,M009159,2026-04-01
R00318,P148,P022,M001782,2026-04-02
R00319,P279,P288,M004437,2026-04-02
R00320,P148,P022,M001781,2026-04-02
R00321,P203,P152,M010607,2026-04-02
R00322,P152,P148,M003860,2026-04-02
R00323,P022,P059,M004755,2026-04-02
R00324,P298,P227,M003989,2026-04-03
R00325,P203,P152,M004892,2026-04-03
R00326,P105,P227,M004606,2026-04-03
R00327,P152,P148,M010607,2026-04-03
R00328,P059,P203,M001780,2026-04-04
R00329,P111,P011,M000580,2026-04-04
R00330,P152,P148,M013827,2026-04-05
R00331,P148,P022,M009580,2026-04-05
R00332,P059,P203,M001780,2026-04-05
R00333,P203,P152,M000919,2026-04-05
R00334,P208,P007,M003986,2026-04-05
R00335,P181,P091,M005052,2026-04-05
R00336,P148,P022,M008212,2026-04-05
R00337,P059,P203,M011658,2026-04-06
R00338,P059,P203,M004755,2026-04-06
R00339,P203,P152,M002324,2026-04-06
R00340,P126,P239,M018523,2026-04-06
R00341,P152,P148,M002323,2026-04-06
R00342,P148,P022,M009584,2026-04-06
R00343,P206,P288,M016691,2026-04-07
R00344,P022,P059,M003884,2026-04-07
R00345,P022,P059,M001782,2026-04-07
R00346,P203,P152,M004759,2026-04-07
R00347,P059,P203,M010605,2026-04-08
R00348,P203,P152,M009132,2026-04-08
R00349,P059,P203,M009132,2026-04-08
R00350,P022,P059,M001136,2026-04-09
R00351,P059,P203,M009580,2026-04-10
R00352,P152,P148,M000919,2026-04-10
R00353,P148,P022,M004755,2026-04-10
R00354,P206,P107,M023267,2026-04-10
R00355,P059,P203,M001784,2026-04-10
R00356,P024,P291,M002228,2026-04-11
R00357,P032,P242,M021950,2026-04-11
R00358,P022,P059,M002589,2026-04-11
R00359,P203,P152,M001136,2026-04-11
R00360,P203,P152,M002321,2026-04-11
R00361,P148,P022,M008212,2026-04-11
R00362,P152,P148,M009158,2026-04-12
R00363,P132,P134,M014741,2026-04-12
R00364,P152,P148,M001781,2026-04-13
R00365,P203,P152,M004759,2026-04-13
R00366,P148,P022,M003882,2026-04-13
R00367,P022,P059,M009135,2026-04-14
R00368,P077,P007,M020836,2026-04-14
R00369,P119,P259,M023202,2026-04-14
R00370,P249,P261,M002832,2026-04-15
R00371,P022,P059,M009583,2026-04-15
R00372,P148,P022,M013750,2026-04-15
R00373,P148,P022,M002590,2026-04-16
R00374,P152,P148,M004896,2026-04-16
R00375,P132,P194,M023630,2026-04-16
R00376,P152,P148,M004759,2026-04-16
R00377,P148,P022,M004759,2026-04-17
R00378,P152,P148,M007999,2026-04-17
R00379,P002,P065,M013496,2026-04-17
R00380,P203,P152,M003862,2026-04-17
R00381,P059,P203,M004847,2026-04-18
R00382,P152,P148,M001784,2026-04-18
R00383,P269,P053,M014891,2026-04-18
R00384,P059,P203,M004757,2026-04-18
R00385,P185,P139,M022834,2026-04-18
R00386,P278,P088,M007735,2026-04-19
R00387,P176,P090,M023071,2026-04-19
R00388,P009,P141,M022314,2026-04-19
R00389,P152,P148,M002588,2026-04-19
R00390,P281,P174,M020862,2026-04-20
R00391,P148,P022,M004371,2026-04-20
R00392,P010,P261,M005018,2026-04-20
R00393,P148,P022,M003862,2026-04-20
R00394,P152,P148,M001135,2026-04-20
R00395,P059,P203,M002591,2026-04-20
R00396,P059,P203,M009133,2026-04-20
R00397,P148,P022,M008057,2026-04-20
R00398,P148,P022,M003637,2026-04-21
R00399,P059,P093,M021997,2026-04-21
R00400,P126,P261,M023481,2026-04-21
R00401,P059,P203,M004758,2026-04-21
R00402,P059,P203,M009158,2026-04-21
R00403,P022,P059,M004759,2026-04-21
R00404,P032,P242,M007598,2026-04-21
R00405,P148,P022,M003862,2026-04-21
R00406,P148,P022,M005592,2026-04-21
R00407,P203,P152,M003882,2026-04-21
R00408,P203,P152,M009156,2026-04-22
R00409,P148,P022,M010607,2026-04-22
R00410,P148,P022,M009584,2026-04-22
R00411,P073,P068,M021714,2026-04-22
R00412,P018,P219,M015525,2026-04-22
R00413,P148,P022,M008056,2026-04-22
R00414,P042,P243,M000782,2026-04-23
R00415,P022,P059,M001783,2026-04-23
R00416,P279,P288,M011363,2026-04-23
R00417,P148,P022,M003882,2026-04-24
R00418,P203,P152,M008056,2026-04-24
R00419,P095,P141,M015192,2026-04-24
R00420,P059,P203,M003882,2026-04-24
R00421,P203,P152,M004849,2026-04-25
R00422,P203,P152,M001780,2026-04-25
R00423,P148,P022,M002320,2026-04-25
R00424,P152,P148,M009133,2026-04-25
R00425,P203,P152,M010608,2026-04-25
R00426,P059,P203,M002592,2026-04-26
R00427,P203,P152,M004370,2026-04-26
R00428,P022,P059,M002321,2026-04-26
R00429,P022,P059,M001138,2026-04-26
R00430,P059,P203,M003885,2026-04-26
R00431,P022,P059,M003860,2026-04-26
R00432,P059,P203,M003884,2026-04-26
R00433,P152,P148,M009157,2026-04-26
R00434,P059,P203,M009581,2026-04-27
R00435,P148,P022,M002319,2026-04-27
R00436,P022,P059,M009581,2026-04-28
R00437,P059,P203,M001781,2026-04-28
R00438,P148,P022,M013826,2026-04-29
R00439,P059,P203,M010606,2026-04-29
R00440,P283,P057,M011810,2026-04-29
R00441,P148,P022,M008054,2026-04-29
R00442,P111,P057,M024511,2026-04-30
R00443,P095,P141,M012101,2026-04-30
R00444,P108,P028,M004172,2026-04-30
R00445,P127,P158,M001683,2026-04-30
R00446,P284,P214,M025612,2026-05-01
R00447,P152,P148,M009580,2026-05-01
R00448,P059,P203,M009156,2026-05-01
R00449,P203,P152,M013828,2026-05-01
R00450,P203,P152,M003637,2026-05-01
R00451,P022,P059,M013825,2026-05-01
R00452,P059,P203,M013750,2026-05-01
R00453,P190,P174,M012996,2026-05-01
R00454,P059,P203,M002324,2026-05-02
R00455,P148,P022,M009583,2026-05-02
R00456,P208,P011,M025697,2026-05-02
R00457,P152,P148,M009134,2026-05-02
R00458,P022,P059,M008213,2026-05-03
R00459,P059,P203,M008054,2026-05-03
R00460,P148,P022,M008213,2026-05-04
R00461,P059,P203,M004848,2026-05-04
R00462,P022,P059,M002322,2026-05-04
R00463,P148,P022,M004274,2026-05-04
R00464,P059,P203,M008225,2026-05-04
R00465,P059,P203,M000919,2026-05-04
R00466,P148,P022,M010605,2026-05-04
R00467,P148,P022,M010607,2026-05-05
R00468,P148,P022,M013826,2026-05-05
R00469,P022,P059,M008211,2026-05-05
R00470,P203,P152,M004896,2026-05-05
R00471,P203,P152,M009582,2026-05-05
R00472,P059,P203,M003883,2026-05-06
R00473,P152,P148,M013825,2026-05-06
R00474,P195,P151,M014230,2026-05-06
R00475,P128,P228,M012268,2026-05-06
R00476,P148,P022,M009132,2026-05-06
R00477,P203,P152,M004892,2026-05-07
R00478,P148,P022,M001783,2026-05-07
R00479,P150,P261,M001273,2026-05-07
R00480,P099,P104,M015681,2026-05-07
R00481,P124,P091,M016474,2026-05-08
R00482,P152,P148,M003883,2026-05-08
R00483,P148,P022,M008054,2026-05-08
R00484,P152,P148,M009134,2026-05-08
R00485,P022,P059,M010606,2026-05-08
R00486,P059,P203,M008054,2026-05-09
R00487,P148,P022,M009158,2026-05-09
R00488,P080,P221,M024960,2026-05-09
R00489,P033,P139,M002330,2026-05-09
R00490,P231,P259,M019069,2026-05-09
R00491,P203,P152,M004755,2026-05-09
R00492,P059,P203,M013828,2026-05-09
R00493,P203,P152,M001782,2026-05-09
R00494,P152,P148,M010608,2026-05-09
R00495,P022,P059,M004759,2026-05-09
R00496,P022,P059,M003885,2026-05-10
R00497,P148,P022,M003864,2026-05-10
R00498,P203,P152,M001784,2026-05-10
R00499,P203,P152,M004892,2026-05-10
R00500,P203,P152,M010608,2026-05-10
R00501,P059,P203,M004893,2026-05-10
R00502,P022,P059,M008056,2026-05-11
R00503,P022,P059,M008054,2026-05-11
R00504,P203,P152,M003862,2026-05-11
R00505,P152,P148,M001136,2026-05-11
R00506,P152,P148,M004849,2026-05-11
R00507,P059,P203,M004894,2026-05-11
R00508,P148,P022,M003637,2026-05-11
R00509,P152,P148,M002587,2026-05-12
R00510,P143,P052,M013297,2026-05-12
R00511,P152,P148,M001138,2026-05-12
R00512,P059,P203,M013749,2026-05-13
R00513,P203,P152,M003886,2026-05-13
R00514,P022,P059,M010608,2026-05-13
R00515,P148,P022,M009584,2026-05-13
R00516,P203,P152,M004895,2026-05-13
R00517,P059,P203,M009159,2026-05-13
R00518,P157,P197,M002257,2026-05-14
R00519,P059,P203,M007999,2026-05-14
R00520,P148,P022,M003883,2026-05-14
R00521,P059,P203,M003637,2026-05-14
R00522,P152,P148,M009134,2026-05-14
R00523,P152,P148,M011659,2026-05-14
R00524,P022,P059,M008054,2026-05-14
R00525,P203,P152,M003861,2026-05-14
R00526,P287,P275,M020694,2026-05-15
R00527,P152,P148,M004892,2026-05-15
R00528,P059,P203,M002589,2026-05-15
R00529,P059,P203,M013750,2026-05-15
R00530,P203,P152,M004758,2026-05-15
R00531,P059,P203,M001135,2026-05-16
R00532,P022,P059,M004759,2026-05-16
R00533,P152,P148,M003637,2026-05-16
R00534,P203,P152,M002321,2026-05-16
R00535,P203,P152,M002591,2026-05-16
R00536,P059,P203,M004756,2026-05-16
R00537,P059,P203,M004847,2026-05-17
R00538,P203,P152,M004370,2026-05-17
R00539,P203,P152,M004894,2026-05-17
R00540,P246,P078,M010310,2026-05-17
R00541,P112,P294,M011679,2026-05-18
R00542,P203,P152,M003883,2026-05-18
R00543,P148,P022,M009582,2026-05-18
R00544,P148,P022,M009157,2026-05-18
R00545,P117,P090,M010167,2026-05-18
R00546,P238,P107,M017202,2026-05-18
R00547,P203,P152,M003863,2026-05-18
R00548,P152,P148,M003882,2026-05-19
R00549,P059,P203,M008214,2026-05-19
R00550,P022,P059,M003861,2026-05-20
R00551,P148,P022,M003862,2026-05-20
R00552,P127,P151,M025269,2026-05-20
R00553,P246,P038,M017785,2026-05-20
R00554,P203,P152,M010605,2026-05-21
R00555,P152,P148,M008214,2026-05-21
R00556,P148,P022,M010608,2026-05-21
R00557,P059,P203,M002319,2026-05-21
R00558,P148,P022,M002319,2026-05-21
R00559,P274,P090,M008749,2026-05-21
R00560,P231,P259,M011481,2026-05-22
R00561,P022,P059,M002588,2026-05-22
R00562,P245,P261,M004080,2026-05-22
R00563,P203,P152,M008211,2026-05-22
R00564,P231,P259,M007214,2026-05-23
R00565,P059,P203,M003861,2026-05-23
R00566,P006,P254,M016029,2026-05-23
R00567,P013,P093,M005762,2026-05-23
R00568,P245,P239,M011239,2026-05-24
R00569,P022,P059,M002593,2026-05-24
R00570,P203,P152,M003885,2026-05-24
R00571,P059,P148,M024199,2026-05-24
R00572,P022,P059,M001781,2026-05-24
R00573,P022,P059,M007999,2026-05-25
R00574,P059,P203,M009132,2026-05-25
R00575,P022,P059,M002323,2026-05-25
R00576,P148,P022,M000919,2026-05-25
R00577,P152,P148,M003637,2026-05-26
R00578,P181,P091,M011299,2026-05-26
R00579,P148,P022,M002321,2026-05-26
R00580,P152,P148,M009159,2026-05-27
R00581,P022,P059,M002592,2026-05-27
R00582,P164,P218,M007096,2026-05-27
R00583,P022,P059,M004895,2026-05-27
R00584,P154,P275,M019596,2026-05-27
R00585,P059,P203,M001782,2026-05-28
R00586,P148,P022,M004371,2026-05-28
R00587,P152,P148,M002319,2026-05-28
R00588,P152,P148,M009158,2026-05-28
R00589,P133,P236,M013236,2026-05-28
R00590,P032,P242,M024025,2026-05-28
R00591,P203,P152,M004370,2026-05-28
R00592,P148,P022,M001782,2026-05-29
R00593,P152,P148,M002590,2026-05-29
R00594,P148,P022,M003883,2026-05-29
R00595,P148,P022,M002592,2026-05-29
R00596,P152,P148,M009583,2026-05-29
R00597,P203,P152,M002323,2026-05-29
R00598,P022,P059,M001782,2026-05-30
R00599,P166,P038,M009878,2026-05-30
R00600,P059,P203,M008056,2026-05-30
R00601,P265,P123,M007591,2026-05-30
R00602,P269,P280,M002202,2026-05-31
R00603,P180,P107,M001923,2026-05-31
R00604,P183,P292,M007349,2026-05-31
R00605,P152,P148,M004759,2026-06-01
R00606,P148,P022,M001784,2026-06-01
R00607,P148,P022,M013732,2026-06-02
R00608,P064,P057,M005655,2026-06-02
R00609,P277,P068,M003619,2026-06-02
R00610,P203,P152,M000921,2026-06-02
R00611,P203,P152,M008055,2026-06-02
R00612,P203,P152,M003861,2026-06-02
R00613,P022,P059,M009580,2026-06-02
R00614,P059,P203,M008000,2026-06-03
R00615,P059,P203,M008057,2026-06-03
R00616,P059,P203,M008057,2026-06-03
R00617,P042,P004,M010022,2026-06-03
R00618,P181,P148,M018922,2026-06-03
R00619,P059,P203,M001137,2026-06-03
R00620,P203,P152,M003860,2026-06-03
R00621,P203,P152,M008057,2026-06-03
R00622,P152,P148,M001138,2026-06-03
R00623,P152,P148,M008000,2026-06-04
R00624,P152,P148,M009132,2026-06-04
R00625,P203,P152,M013732,2026-06-04
R00626,P022,P059,M010607,2026-06-04
R00627,P148,P022,M009583,2026-06-04
R00628,P164,P004,M010675,2026-06-04
R00629,P203,P152,M009135,2026-06-05
R00630,P059,P203,M001135,2026-06-05
R00631,P059,P203,M002321,2026-06-05
R00632,P059,P203,M009581,2026-06-05
R00633,P067,P072,M022003,2026-06-05
R00634,P022,P059,M003886,2026-06-05
R00635,P059,P203,M002323,2026-06-05
R00636,P203,P152,M002590,2026-06-06
R00637,P148,P022,M004892,2026-06-06
R00638,P152,P148,M004848,2026-06-06
R00639,P022,P059,M003884,2026-06-06
R00640,P152,P148,M013732,2026-06-06
R00641,P152,P148,M003863,2026-06-06
R00642,P022,P059,M001136,2026-06-06
R00643,P022,P059,M010607,2026-06-06
R00644,P152,P148,M004847,2026-06-06
R00645,P022,P059,M000919,2026-06-06
R00646,P105,P227,M001535,2026-06-06
R00647,P232,P221,M007017,2026-06-07
R00648,P152,P148,M004757,2026-06-07
R00649,P148,P022,M009132,2026-06-07
R00650,P148,P022,M007999,2026-06-07
R00651,P152,P148,M003638,2026-06-07
R00652,P208,P007,M020833,2026-06-08
R00653,P152,P148,M009581,2026-06-08
R00654,P152,P148,M000919,2026-06-08
R00655,P152,P148,M001136,2026-06-08
R00656,P148,P022,M013827,2026-06-08
R00657,P059,P203,M004759,2026-06-08
R00658,P059,P203,M002323,2026-06-08
R00659,P203,P152,M003864,2026-06-08
R00660,P148,P022,M003883,2026-06-08
R00661,P022,P059,M002323,2026-06-09
R00662,P048,P039,M004925,2026-06-09
R00663,P040,P239,M022861,2026-06-09
R00664,P022,P059,M010608,2026-06-09
R00665,P059,P203,M004893,2026-06-09
R00666,P099,P104,M001807,2026-06-09
R00667,P013,P093,M013707,2026-06-10
R00668,P203,P152,M002323,2026-06-10
R00669,P283,P011,M015869,2026-06-10
R00670,P022,P059,M013750,2026-06-10
R00671,P102,P090,M001393,2026-06-10
R00672,P148,P022,M008211,2026-06-10
R00673,P022,P059,M003864,2026-06-10
R00674,P157,P197,M012697,2026-06-10
R00675,P148,P022,M002319,2026-06-10
R00676,P148,P022,M009134,2026-06-10
R00677,P022,P059,M009158,2026-06-11
R00678,P125,P293,M008080,2026-06-11
R00679,P287,P005,M023172,2026-06-11
R00680,P157,P197,M001346,2026-06-11
R00681,P059,P203,M013732,2026-06-11
R00682,P148,P022,M008213,2026-06-11
R00683,P064,P011,M003986,2026-06-11
R00684,P203,P152,M004848,2026-06-12
R00685,P152,P148,M013828,2026-06-12
R00686,P203,P152,M011659,2026-06-12
R00687,P111,P011,M001665,2026-06-12
R00688,P022,P059,M003864,2026-06-12
R00689,P022,P059,M002593,2026-06-12
R00690,P172,P090,M016249,2026-06-12
R00691,P022,P059,M003863,2026-06-12
R00692,P169,P036,M009285,2026-06-12
R00693,P203,P152,M003862,2026-06-13
R00694,P177,P261,M003091,2026-06-13
R00695,P203,P152,M004892,2026-06-13
R00696,P112,P291,M000929,2026-06-13
R00697,P059,P203,M002589,2026-06-13
R00698,P148,P022,M004759,2026-06-13
R00699,P203,P152,M008000,2026-06-13
R00700,P023,P293,M010292,2026-06-13
R00701,P032,P242,M016603,2026-06-13
R00702,P022,P059,M000920,2026-06-13
R00703,P152,P148,M009156,2026-06-13
R00704,P203,P152,M009133,2026-06-14
R00705,P203,P152,M001137,2026-06-14
R00706,P059,P203,M001135,2026-06-14
R00707,P152,P148,M002324,2026-06-14
R00708,P056,P065,M002358,2026-06-14
R00709,P203,P152,M003863,2026-06-15
R00710,P203,P152,M011658,2026-06-15
R00711,P059,P203,M004892,2026-06-15
R00712,P148,P022,M008213,2026-06-15
R00713,P152,P148,M004757,2026-06-15
R00714,P016,P200,M014256,2026-06-15
R00715,P056,P074,M024501,2026-06-15
R00716,P080,P221,M010080,2026-06-15
R00717,P203,P152,M004757,2026-06-16
R00718,P022,P059,M009583,2026-06-16
R00719,P152,P148,M008211,2026-06-16
R00720,P022,P059,M002593,2026-06-16
R00721,P148,P022,M001136,2026-06-16
R00722,P022,P059,M001135,2026-06-16
R00723,P148,P022,M013827,2026-06-16
R00724,P148,P022,M005592,2026-06-17
R00725,P203,P152,M004757,2026-06-17
R00726,P022,P059,M000921,2026-06-18
R00727,P121,P242,M004979,2026-06-18
R00728,P148,P022,M009583,2026-06-18
R00729,P203,P152,M004756,2026-06-19
R00730,P249,P239,M006611,2026-06-20
R00731,P059,P203,M009133,2026-06-20
R00732,P284,P028,M013620,2026-06-20
R00733,P059,P203,M001136,2026-06-20
R00734,P152,P148,M003864,2026-06-20
R00735,P022,P059,M004849,2026-06-20
R00736,P203,P152,M013750,2026-06-20
R00737,P102,P090,M000364,2026-06-20
R00738,P152,P148,M000920,2026-06-20
R00739,P231,P259,M005612,2026-06-21
R00740,P148,P022,M009158,2026-06-21
R00741,P121,P242,M010787,2026-06-21
R00742,P152,P148,M004757,2026-06-21
R00743,P207,P104,M005824,2026-06-21
R00744,P022,P059,M001781,2026-06-21
R00745,P203,P152,M009584,2026-06-21
R00746,P203,P152,M003639,2026-06-21
R00747,P059,P203,M013826,2026-06-21
R00748,P152,P148,M004372,2026-06-21
R00749,P022,P059,M003638,2026-06-21
R00750,P231,P259,M018967,2026-06-21
R00751,P059,P203,M004893,2026-06-22
R00752,P059,P203,M003861,2026-06-22
R00753,P164,P243,M020812,2026-06-22
R00754,P059,P203,M003885,2026-06-22
R00755,P171,P142,M003419,2026-06-22
R00756,P203,P152,M003864,2026-06-22
R00757,P148,P022,M008054,2026-06-22
R00758,P022,P059,M013828,2026-06-22
R00759,P033,P184,M009600,2026-06-22
R00760,P148,P022,M003860,2026-06-22
R00761,P108,P214,M001473,2026-06-22
R00762,P082,P035,M007388,2026-06-22
R00763,P152,P148,M002321,2026-06-22
R00764,P059,P203,M013825,2026-06-23
R00765,P022,P059,M002322,2026-06-23
R00766,P022,P059,M002324,2026-06-23
R00767,P059,P203,M002323,2026-06-23
R00768,P059,P203,M001780,2026-06-23
R00769,P016,P200,M024617,2026-06-23
R00770,P059,P203,M002322,2026-06-23
R00771,P059,P203,M004895,2026-06-23
R00772,P059,P203,M013826,2026-06-24
R00773,P152,P148,M004892,2026-06-24
R00774,P110,P104,M023150,2026-06-24
R00775,P152,P148,M013828,2026-06-24
R00776,P022,P059,M003638,2026-06-24
R00777,P203,P152,M004893,2026-06-24
R00778,P059,P203,M001783,2026-06-24
R00779,P148,P022,M001784,2026-06-24
R00780,P022,P059,M003886,2026-06-24
R00781,P152,P148,M003862,2026-06-24
R00782,P022,P059,M013825,2026-06-25
R00783,P148,P022,M002588,2026-06-25
R00784,P148,P022,M004892,2026-06-25
R00785,P159,P225,M020049,2026-06-25
R00786,P202,P005,M009410,2026-06-25
R00787,P148,P022,M011659,2026-06-26
R00788,P059,P203,M009159,2026-06-26
R00789,P059,P203,M002590,2026-06-26
R00790,P059,P203,M013825,2026-06-26
R00791,P152,P148,M000921,2026-06-26
R00792,P246,P273,M013489,2026-06-26
R00793,P059,P203,M004894,2026-06-26
R00794,P059,P203,M013732,2026-06-27
R00795,P203,P152,M002323,2026-06-27
R00796,P020,P107,M004636,2026-06-27
R00797,P181,P093,M004227,2026-06-27
R00798,P241,P122,M005261,2026-06-28
R00799,P203,P167,M007009,2026-06-28
R00800,P152,P148,M002587,2026-06-28
R00801,P271,P026,M021570,2026-06-28
R00802,P152,P093,M014038,2026-06-28
R00803,P152,P148,M004757,2026-06-29
R00804,P148,P022,M009581,2026-06-29
R00805,P203,P152,M008000,2026-06-29
R00806,P203,P152,M000920,2026-06-29
R00807,P203,P152,M001784,2026-06-29
R00808,P152,P148,M002590,2026-06-29
R00809,P059,P203,M007999,2026-06-29
R00810,P152,P148,M009583,2026-06-29
R00811,P096,P072,M003806,2026-06-30
R00812,P198,P200,M003784,2026-07-01
R00813,P279,P225,M015007,2026-07-01
R00814,P152,P148,M001780,2026-07-01
R00815,P059,P203,M009581,2026-07-01
R00816,P022,P059,M004896,2026-07-01
R00817,P203,P152,M002319,2026-07-02
R00818,P059,P203,M009134,2026-07-02
R00819,P148,P022,M004275,2026-07-02
R00820,P022,P059,M000919,2026-07-02
R00821,P152,P148,M001784,2026-07-02
R00822,P022,P059,M009157,2026-07-02
R00823,P022,P059,M004371,2026-07-03
R00824,P152,P148,M002593,2026-07-03
R00825,P152,P148,M001782,2026-07-03
R00826,P203,P152,M004892,2026-07-03
R00827,P203,P152,M004274,2026-07-04
R00828,P152,P148,M009156,2026-07-04
R00829,P048,P145,M011272,2026-07-04
R00830,P135,P131,M011083,2026-07-04
R00831,P148,P022,M002323,2026-07-04
R00832,P203,P152,M003884,2026-07-04
R00833,P022,P059,M001137,2026-07-04
R00834,P148,P022,M002321,2026-07-04
R00835,P203,P152,M009582,2026-07-04
R00836,P059,P203,M003639,2026-07-04
R00837,P059,P203,M003862,2026-07-04
R00838,P022,P059,M008211,2026-07-05
R00839,P148,P022,M004373,2026-07-05
R00840,P203,P152,M011659,2026-07-05
R00841,P022,P059,M004275,2026-07-05
R00842,P148,P022,M003885,2026-07-05
R00843,P148,P022,M003860,2026-07-06
R00844,P203,P152,M008212,2026-07-06
R00845,P022,P059,M008214,2026-07-06
R00846,P152,P148,M008214,2026-07-06
R00847,P013,P022,M008212,2026-07-06
R00848,P059,P203,M005592,2026-07-06
R00849,P152,P148,M002589,2026-07-07
R00850,P152,P148,M001137,2026-07-07
R00851,P148,P022,M009157,2026-07-07
R00852,P203,P152,M004759,2026-07-07
R00853,P022,P059,M013750,2026-07-07
R00854,P022,P059,M009157,2026-07-07
R00855,P023,P141,M015514,2026-07-07
R00856,P002,P276,M003960,2026-07-07
R00857,P298,P088,M014060,2026-07-08
R00858,P148,P022,M013732,2026-07-08
R00859,P203,P152,M002321,2026-07-08
R00860,P148,P022,M009132,2026-07-08
R00861,P203,P152,M004849,2026-07-08
R00862,P203,P152,M000920,2026-07-08
R00863,P148,P022,M003639,2026-07-09
R00864,P148,P022,M009581,2026-07-09
R00865,P203,P152,M003638,2026-07-09
R00866,P148,P022,M002320,2026-07-09
R00867,P059,P203,M008056,2026-07-09
R00868,P059,P203,M009158,2026-07-09
R00869,P152,P148,M004755,2026-07-09
R00870,P152,P148,M002319,2026-07-10
R00871,P022,P059,M003861,2026-07-10
R00872,P059,P203,M004893,2026-07-10
R00873,P022,P059,M004759,2026-07-10
R00874,P152,P148,M003639,2026-07-10
R00875,P203,P152,M002587,2026-07-10
R00876,P148,P022,M003883,2026-07-11
R00877,P108,P028,M005023,2026-07-11
R00878,P203,P152,M013732,2026-07-11
R00879,P059,P203,M002588,2026-07-11
R00880,P059,P203,M009157,2026-07-11
R00881,P152,P148,M010605,2026-07-12
R00882,P148,P022,M009583,2026-07-12
R00883,P148,P022,M013827,2026-07-12
R00884,P042,P243,M015500,2026-07-12
R00885,P059,P203,M000919,2026-07-12
R00886,P203,P152,M008211,2026-07-12
R00887,P203,P152,M007999,2026-07-12
R00888,P231,P259,M007965,2026-07-13
R00889,P203,P152,M003637,2026-07-13
R00890,P148,P022,M001138,2026-07-13
R00891,P059,P203,M002593,2026-07-13
R00892,P148,P022,M001782,2026-07-13
R00893,P203,P152,M004893,2026-07-13
R00894,P203,P152,M004892,2026-07-13
R00895,P022,P059,M004275,2026-07-13
R00896,P148,P022,M002592,2026-07-13
R00897,P148,P022,M001780,2026-07-14
R00898,P152,P148,M005592,2026-07-14
R00899,P203,P152,M008213,2026-07-14
R00900,P022,P059,M003885,2026-07-14
R00901,P059,P203,M002593,2026-07-14
R00902,P152,P148,M010605,2026-07-14
R00903,P164,P218,M003313,2026-07-15
R00904,P265,P292,M005359,2026-07-15
R00905,P148,P022,M009134,2026-07-15
R00906,P022,P059,M004370,2026-07-15
R00907,P022,P059,M003883,2026-07-15
R00908,P059,P203,M013825,2026-07-15
R00909,P148,P022,M010607,2026-07-15
R00910,P127,P131,M025843,2026-07-15
R00911,P152,P148,M002323,2026-07-15
R00912,P009,P293,M013411,2026-07-15
R00913,P178,P038,M004936,2026-07-16
R00914,P148,P022,M009159,2026-07-16
R00915,P059,P203,M010607,2026-07-16
R00916,P059,P203,M008213,2026-07-16
R00917,P059,P203,M008000,2026-07-16
R00918,P179,P272,M018640,2026-07-16
R00919,P148,P022,M001135,2026-07-16
R00920,P048,P145,M013873,2026-07-16
R00921,P148,P022,M013825,2026-07-17
R00922,P152,P148,M001781,2026-07-17
R00923,P022,P059,M004896,2026-07-17
R00924,P022,P059,M000921,2026-07-17
R00925,P022,P059,M002322,2026-07-18
R00926,P022,P059,M008225,2026-07-18
R00927,P148,P022,M013732,2026-07-18
R00928,P022,P059,M001137,2026-07-18
R00929,P148,P022,M008054,2026-07-18
R00930,P059,P203,M004757,2026-07-18
R00931,P203,P152,M009580,2026-07-18
R00932,P152,P148,M001136,2026-07-18
R00933,P148,P022,M008212,2026-07-19
R00934,P108,P028,M018869,2026-07-19
R00935,P059,P203,M004371,2026-07-19
R00936,P152,P148,M004893,2026-07-20
R00937,P022,P059,M009159,2026-07-20
R00938,P256,P293,M008043,2026-07-20
R00939,P022,P059,M009135,2026-07-20
R00940,P092,P167,M001523,2026-07-20
R00941,P033,P098,M012638,2026-07-20
R00942,P203,P152,M002319,2026-07-20
R00943,P203,P152,M004756,2026-07-20
R00944,P152,P148,M004759,2026-07-20
R00945,P148,P022,M000921,2026-07-20
R00946,P203,P152,M003886,2026-07-20
R00947,P148,P022,M010608,2026-07-20
R00948,P152,P148,M013732,2026-07-20
R00949,P152,P148,M013750,2026-07-20
R00950,P203,P152,M004371,2026-07-20
R00951,P059,P203,M010605,2026-07-21
R00952,P022,P059,M009583,2026-07-21
R00953,P022,P059,M013732,2026-07-21
R00954,P148,P022,M004275,2026-07-21
R00955,P204,P052,M018660,2026-07-21
R00956,P079,P053,M006495,2026-07-22
R00957,P022,P059,M013827,2026-07-22
R00958,P059,P203,M004849,2026-07-22
R00959,P022,P059,M004274,2026-07-22
R00960,P108,P028,M020310,2026-07-22
R00961,P238,P174,M015915,2026-07-22
R00962,P108,P214,M003945,2026-07-22
R00963,P152,P148,M003864,2026-07-23
R00964,P101,P175,M019270,2026-07-23
R00965,P059,P203,M009582,2026-07-23
R00966,P059,P203,M004892,2026-07-23
R00967,P152,P148,M001136,2026-07-23
R00968,P009,P293,M014806,2026-07-23
R00969,P059,P203,M009158,2026-07-23
R00970,P203,P152,M004892,2026-07-23
R00971,P022,P059,M004896,2026-07-23
R00972,P152,P148,M002590,2026-07-24
R00973,P152,P148,M008211,2026-07-24
R00974,P148,P022,M009132,2026-07-24
R00975,P204,P052,M009130,2026-07-24
R00976,P152,P148,M010606,2026-07-24
R00977,P241,P236,M008505,2026-07-24
R00978,P148,P022,M007999,2026-07-24
R00979,P152,P148,M005592,2026-07-24
R00980,P152,P148,M003861,2026-07-24
R00981,P152,P148,M004895,2026-07-24
R00982,P022,P059,M002591,2026-07-25
R00983,P059,P203,M004892,2026-07-25
R00984,P059,P203,M004371,2026-07-25
R00985,P148,P022,M001784,2026-07-25
R00986,P022,P059,M004755,2026-07-25
R00987,P022,P059,M002321,2026-07-25
R00988,P041,P294,M008230,2026-07-26
R00989,P081,P072,M007509,2026-07-26
R00990,P203,P152,M000921,2026-07-26
R00991,P126,P261,M009959,2026-07-26
R00992,P148,P022,M008211,2026-07-26
R00993,P203,P152,M013828,2026-07-26
R00994,P152,P148,M005592,2026-07-27
R00995,P056,P276,M022905,2026-07-27
R00996,P201,P292,M013214,2026-07-27
R00997,P152,P148,M000920,2026-07-27
R00998,P148,P022,M001780,2026-07-27
R00999,P022,P059,M002589,2026-07-27
R01000,P203,P152,M003863,2026-07-28
R01001,P022,P059,M009135,2026-07-28
R01002,P022,P059,M010605,2026-07-28
R01003,P108,P028,M010776,2026-07-28
R01004,P148,P022,M003885,2026-07-28
R01005,P148,P022,M004893,2026-07-28
R01006,P199,P029,M015486,2026-07-28
R01007,P059,P203,M009156,2026-07-29
R01008,P059,P203,M013750,2026-07-29
R01009,P202,P275,M023813,2026-07-29
R01010,P195,P158,M019615,2026-07-30
R01011,P059,P203,M004848,2026-07-30
R01012,P152,P148,M004757,2026-07-30
R01013,P152,P148,M001780,2026-07-30
R01014,P152,P148,M004275,2026-07-30
R01015,P286,P261,M008776,2026-07-30
R01016,P101,P162,M024056,2026-07-31
R01017,P119,P259,M018364,2026-07-31
R01018,P042,P218,M010358,2026-08-01
R01019,P022,P059,M009158,2026-08-01
R01020,P203,P152,M004893,2026-08-01
R01021,P255,P038,M010311,2026-08-01
R01022,P105,P026,M004778,2026-08-02
R01023,P051,P144,M025799,2026-08-02
R01024,P108,P028,M009338,2026-08-02
R01025,P154,P005,M023565,2026-08-02
R01026,P148,P022,M008057,2026-08-02
R01027,P022,P059,M010605,2026-08-02
R01028,P206,P225,M005713,2026-08-02
R01029,P148,P022,M010607,2026-08-02
R01030,P148,P022,M001136,2026-08-03
R01031,P022,P059,M004849,2026-08-03
R01032,P022,P059,M002593,2026-08-03
R01033,P022,P059,M004892,2026-08-03
R01034,P287,P275,M013706,2026-08-03
R01035,P152,P148,M001782,2026-08-03
R01036,P203,P152,M013828,2026-08-03
R01037,P105,P088,M017478,2026-08-03
R01038,P152,P148,M009133,2026-08-03
R01039,P148,P022,M004758,2026-08-03
R01040,P022,P059,M003882,2026-08-04
R01041,P022,P059,M013825,2026-08-04
R01042,P203,P152,M001135,2026-08-04
R01043,P152,P148,M004275,2026-08-04
R01044,P059,P203,M008212,2026-08-04
R01045,P022,P059,M004755,2026-08-04
R01046,P059,P203,M009584,2026-08-04
R01047,P076,P197,M004232,2026-08-04
R01048,P203,P152,M010608,2026-08-04
R01049,P163,P242,M010329,2026-08-04
R01050,P022,P059,M002592,2026-08-05
R01051,P031,P123,M004614,2026-08-05
R01052,P022,P059,M009582,2026-08-05
R01053,P022,P059,M004756,2026-08-05
R01054,P152,P148,M009133,2026-08-05
R01055,P152,P148,M013827,2026-08-05
R01056,P203,P152,M000920,2026-08-05
R01057,P110,P104,M017786,2026-08-05
R01058,P152,P148,M008214,2026-08-05
R01059,P203,P152,M002321,2026-08-05
R01060,P059,P203,M002323,2026-08-06
R01061,P152,P148,M004372,2026-08-06
R01062,P205,P214,M020873,2026-08-06
R01063,P059,P203,M009584,2026-08-06
R01064,P203,P152,M004372,2026-08-06
R01065,P022,P059,M002591,2026-08-06
R01066,P059,P203,M001135,2026-08-06
R01067,P059,P203,M003882,2026-08-07
R01068,P203,P152,M001137,2026-08-07
R01069,P152,P148,M004275,2026-08-07
R01070,P059,P203,M002591,2026-08-07
R01071,P283,P057,M021237,2026-08-07
R01072,P030,P066,M008871,2026-08-07
R01073,P203,P152,M003637,2026-08-07
R01074,P148,P022,M008225,2026-08-07
R01075,P203,P152,M003884,2026-08-08
R01076,P148,P022,M004894,2026-08-08
R01077,P177,P239,M006230,2026-08-08
R01078,P059,P203,M008213,2026-08-08
R01079,P113,P292,M025902,2026-08-08
R01080,P266,P029,M019739,2026-08-08
R01081,P203,P152,M003864,2026-08-08
R01082,P022,P059,M004759,2026-08-08
R01083,P152,P148,M004848,2026-08-09
R01084,P148,P022,M003883,2026-08-09
R01085,P203,P152,M010606,2026-08-09
R01086,P152,P148,M003886,2026-08-09
R01087,P203,P152,M000920,2026-08-09
R01088,P059,P203,M003864,2026-08-09
R01089,P152,P148,M009583,2026-08-10
R01090,P152,P148,M008054,2026-08-10
R01091,P022,P059,M008056,2026-08-10
R01092,P178,P078,M019464,2026-08-10
R01093,P059,P203,M002588,2026-08-10
R01094,P148,P022,M003639,2026-08-11
R01095,P022,P059,M004370,2026-08-11
R01096,P059,P203,M013825,2026-08-11
R01097,P203,P152,M004757,2026-08-11
R01098,P137,P174,M017928,2026-08-11
R01099,P148,P022,M004757,2026-08-11
R01100,P203,P152,M003863,2026-08-12
R01101,P148,P022,M003637,2026-08-12
R01102,P022,P059,M009134,2026-08-12
R01103,P152,P148,M004848,2026-08-12
R01104,P059,P203,M001135,2026-08-12
R01105,P022,P059,M013749,2026-08-12
R01106,P059,P203,M013732,2026-08-12
R01107,P152,P148,M011658,2026-08-12
R01108,P148,P022,M008213,2026-08-12
R01109,P148,P022,M004848,2026-08-12
R01110,P152,P148,M002591,2026-08-13
R01111,P203,P152,M008056,2026-08-13
R01112,P148,P022,M004849,2026-08-13
R01113,P203,P152,M002319,2026-08-13
R01114,P018,P194,M001454,2026-08-13
R01115,P022,P059,M003883,2026-08-13
R01116,P203,P152,M003861,2026-08-13
R01117,P152,P148,M003883,2026-08-13
R01118,P203,P152,M002322,2026-08-14
R01119,P195,P131,M010137,2026-08-14
R01120,P231,P259,M000972,2026-08-14
R01121,P059,P203,M013732,2026-08-14
R01122,P152,P148,M009134,2026-08-14
R01123,P022,P059,M003862,2026-08-14
R01124,P022,P059,M003864,2026-08-14
R01125,P059,P203,M004892,2026-08-15
R01126,P152,P148,M002322,2026-08-15
R01127,P059,P203,M008212,2026-08-15
R01128,P148,P022,M002323,2026-08-15
R01129,P152,P148,M003883,2026-08-15
R01130,P152,P148,M002591,2026-08-16
R01131,P022,P059,M004755,2026-08-16
R01132,P022,P059,M008056,2026-08-16
R01133,P152,P148,M001782,2026-08-16
R01134,P022,P059,M008212,2026-08-16
R01135,P152,P148,M010608,2026-08-16
R01136,P148,P022,M008213,2026-08-16
R01137,P059,P203,M003637,2026-08-16
R01138,P022,P059,M004849,2026-08-17
R01139,P022,P059,M004893,2026-08-17
R01140,P148,P022,M004755,2026-08-17
R01141,P148,P022,M011658,2026-08-17
R01142,P059,P203,M009134,2026-08-17
R01143,P143,P052,M008656,2026-08-17
R01144,P297,P291,M008167,2026-08-17
R01145,P059,P203,M009156,2026-08-17
R01146,P152,P148,M002323,2026-08-17
R01147,P148,P022,M010607,2026-08-17
R01148,P059,P203,M013750,2026-08-17
R01149,P105,P088,M006670,2026-08-18
R01150,P022,P059,M003862,2026-08-18
R01151,P010,P239,M012649,2026-08-18
R01152,P152,P148,M010607,2026-08-18
R01153,P216,P251,M001370,2026-08-18
R01154,P009,P293,M000234,2026-08-19
R01155,P152,P148,M008225,2026-08-19
R01156,P113,P272,M019188,2026-08-19
R01157,P132,P236,M000687,2026-08-19
R01158,P022,P059,M003638,2026-08-19
R01159,P059,P203,M004758,2026-08-19
R01160,P022,P059,M009583,2026-08-20
R01161,P203,P152,M001782,2026-08-20
R01162,P152,P148,M008000,2026-08-20
R01163,P148,P022,M001783,2026-08-20
R01164,P203,P152,M007999,2026-08-20
R01165,P152,P148,M004896,2026-08-20
R01166,P152,P148,M008225,2026-08-21
R01167,P059,P203,M003883,2026-08-21
R01168,P248,P104,M005462,2026-08-21
R01169,P152,P148,M010605,2026-08-21
R01170,P203,P152,M004847,2026-08-21
R01171,P203,P152,M003638,2026-08-21
R01172,P152,P148,M011658,2026-08-21
R01173,P022,P059,M001780,2026-08-22
R01174,P022,P059,M010606,2026-08-22
R01175,P059,P203,M002592,2026-08-22
R01176,P206,P225,M014168,2026-08-22
R01177,P152,P148,M013828,2026-08-22
R01178,P152,P148,M009132,2026-08-22
R01179,P148,P022,M002324,2026-08-22
R01180,P148,P022,M004847,2026-08-23
R01181,P203,P152,M004275,2026-08-23
R01182,P148,P022,M004274,2026-08-23
R01183,P152,P148,M004894,2026-08-23
R01184,P042,P075,M000178,2026-08-23
R01185,P252,P148,M017431,2026-08-23
R01186,P148,P022,M004371,2026-08-23
R01187,P152,P148,M004896,2026-08-23
R01188,P022,P059,M009156,2026-08-23
R01189,P059,P203,M000921,2026-08-24
R01190,P203,P152,M009156,2026-08-24
R01191,P152,P148,M001137,2026-08-24
R01192,P059,P203,M008214,2026-08-24
R01193,P215,P276,M010076,2026-08-24
R01194,P022,P059,M002587,2026-08-24
R01195,P152,P093,M023126,2026-08-24
R01196,P295,P005,M015068,2026-08-24
R01197,P032,P242,M006137,2026-08-24
R01198,P148,P022,M010607,2026-08-24
R01199,P265,P272,M009416,2026-08-24
R01200,P022,P059,M009581,2026-08-25
R01201,P059,P203,M009133,2026-08-25
R01202,P203,P152,M004895,2026-08-26
R01203,P203,P152,M004893,2026-08-26
R01204,P059,P203,M009156,2026-08-26
R01205,P203,P152,M010608,2026-08-26
R01206,P152,P148,M002319,2026-08-26
R01207,P077,P007,M017271,2026-08-26
R01208,P148,P022,M003882,2026-08-26
R01209,P059,P203,M009159,2026-08-26
R01210,P152,P148,M010606,2026-08-26
R01211,P152,P148,M009158,2026-08-27
R01212,P152,P148,M001136,2026-08-27
R01213,P059,P203,M005592,2026-08-27
R01214,P148,P022,M004756,2026-08-27
R01215,P148,P022,M008054,2026-08-27
R01216,P148,P022,M004847,2026-08-27
R01217,P203,P152,M005592,2026-08-28
R01218,P148,P022,M002587,2026-08-28
R01219,P022,P059,M002589,2026-08-28
R01220,P148,P022,M001135,2026-08-28
R01221,P059,P203,M013828,2026-08-28
R01222,P059,P203,M003639,2026-08-28
R01223,P059,P203,M002321,2026-08-28
R01224,P059,P203,M003885,2026-08-28
R01225,P022,P059,M003862,2026-08-28
R01226,P022,P059,M004759,2026-08-28
R01227,P152,P148,M013749,2026-08-28
R01228,P148,P022,M003637,2026-08-28
R01229,P203,P152,M002324,2026-08-28
R01230,P030,P209,M007246,2026-08-28
R01231,P264,P104,M007092,2026-08-29
R01232,P148,P022,M010608,2026-08-29
R01233,P203,P152,M013828,2026-08-29
R01234,P059,P203,M009583,2026-08-29
R01235,P148,P022,M010608,2026-08-29
R01236,P148,P022,M010608,2026-08-29
R01237,P148,P022,M004894,2026-08-29
R01238,P059,P203,M004847,2026-08-29
R01239,P152,P148,M009156,2026-08-30
R01240,P022,P059,M002588,2026-08-30
R01241,P148,P022,M003861,2026-08-30
R01242,P203,P152,M008054,2026-08-30
R01243,P106,P090,M025683,2026-08-31
R01244,P233,P239,M009667,2026-08-31
R01245,P253,P288,M012133,2026-09-01
R01246,P152,P148,M002322,2026-09-01
R01247,P059,P203,M000919,2026-09-01
R01248,P148,P022,M001136,2026-09-01
R01249,P152,P148,M002589,2026-09-01
R01250,P152,P148,M008054,2026-09-01
R01251,P014,P039,M004213,2026-09-01
R01252,P183,P123,M020063,2026-09-01
R01253,P022,P059,M003864,2026-09-01
R01254,P169,P036,M011162,2026-09-02
R01255,P148,P022,M009583,2026-09-02
R01256,P022,P059,M003886,2026-09-02
R01257,P022,P059,M013749,2026-09-02
R01258,P059,P203,M003637,2026-09-02
R01259,P059,P203,M001136,2026-09-02
R01260,P152,P148,M008054,2026-09-02
R01261,P022,P059,M004895,2026-09-02
R01262,P148,P022,M009134,2026-09-02
R01263,P022,P059,M004896,2026-09-03
R01264,P082,P145,M017165,2026-09-03
R01265,P022,P059,M002593,2026-09-03
R01266,P203,P152,M003862,2026-09-03
R01267,P152,P148,M013749,2026-09-03
R01268,P148,P022,M002590,2026-09-03
R01269,P059,P203,M009159,2026-09-03
R01270,P059,P203,M004847,2026-09-03
R01271,P203,P152,M004758,2026-09-04
R01272,P203,P152,M003638,2026-09-04
R01273,P203,P152,M008000,2026-09-04
R01274,P152,P148,M004756,2026-09-04
R01275,P148,P022,M009582,2026-09-04
R01276,P148,P022,M008213,2026-09-05
R01277,P283,P007,M005768,2026-09-05
R01278,P148,P022,M002591,2026-09-05
R01279,P152,P148,M005592,2026-09-05
R01280,P203,P152,M001783,2026-09-05
R01281,P059,P203,M008225,2026-09-05
R01282,P152,P148,M003639,2026-09-06
R01283,P203,P152,M004896,2026-09-06
R01284,P148,P022,M000920,2026-09-06
R01285,P203,P152,M002322,2026-09-06
R01286,P203,P152,M008056,2026-09-07
R01287,P203,P152,M010607,2026-09-07
R01288,P148,P022,M004848,2026-09-07
R01289,P059,P203,M003886,2026-09-07
R01290,P022,P059,M004893,2026-09-07
R01291,P022,P059,M009133,2026-09-07
R01292,P022,P059,M004849,2026-09-07
R01293,P022,P059,M001780,2026-09-07
R01294,P152,P148,M010606,2026-09-07
R01295,P148,P022,M013827,2026-09-07
R01296,P059,P203,M001782,2026-09-08
R01297,P019,P184,M023050,2026-09-08
R01298,P203,P152,M004848,2026-09-08
R01299,P152,P148,M009158,2026-09-08
R01300,P048,P145,M018261,2026-09-08
R01301,P152,P148,M011659,2026-09-08
R01302,P152,P148,M004275,2026-09-09
R01303,P059,P203,M000919,2026-09-09
R01304,P059,P203,M008214,2026-09-09
R01305,P022,P059,M013828,2026-09-09
R01306,P203,P152,M009584,2026-09-09
R01307,P059,P203,M002323,2026-09-09
R01308,P152,P148,M010606,2026-09-09
R01309,P203,P152,M010608,2026-09-10
R01310,P203,P152,M001782,2026-09-10
R01311,P148,P022,M002588,2026-09-10
R01312,P059,P203,M004756,2026-09-10
R01313,P022,P059,M002319,2026-09-10
R01314,P208,P057,M025400,2026-09-10
R01315,P022,P059,M011659,2026-09-10
R01316,P152,P148,M004892,2026-09-10
R01317,P148,P022,M004895,2026-09-10
R01318,P148,P022,M009159,2026-09-10
R01319,P152,P148,M013825,2026-09-10
R01320,P024,P291,M017265,2026-09-10
R01321,P022,P059,M009157,2026-09-11
R01322,P059,P203,M002320,2026-09-11
R01323,P022,P059,M003883,2026-09-11
R01324,P203,P152,M002588,2026-09-12
R01325,P022,P059,M001136,2026-09-12
R01326,P152,P148,M001138,2026-09-12
R01327,P160,P162,M003249,2026-09-12
R01328,P059,P203,M007999,2026-09-12
R01329,P040,P239,M006998,2026-09-12
R01330,P059,P203,M003637,2026-09-12
R01331,P059,P203,M013826,2026-09-12
R01332,P059,P203,M003638,2026-09-12
R01333,P059,P203,M004759,2026-09-12
R01334,P059,P203,M011658,2026-09-12
R01335,P022,P059,M004896,2026-09-13
R01336,P148,P022,M009584,2026-09-13
R01337,P059,P203,M010605,2026-09-13
R01338,P148,P022,M003885,2026-09-14
R01339,P059,P203,M013732,2026-09-14
R01340,P208,P011,M023669,2026-09-14
R01341,P148,P022,M004275,2026-09-14
R01342,P148,P022,M004370,2026-09-15
R01343,P152,P148,M001784,2026-09-15
R01344,P022,P059,M008057,2026-09-15
R01345,P084,P029,M020156,2026-09-15
R01346,P148,P022,M009158,2026-09-15
R01347,P148,P022,M004895,2026-09-15
R01348,P059,P203,M009157,2026-09-15
R01349,P059,P203,M002319,2026-09-16
R01350,P022,P059,M009132,2026-09-16
R01351,P059,P203,M004759,2026-09-16
R01352,P203,P152,M004372,2026-09-16
R01353,P059,P203,M008214,2026-09-16
R01354,P152,P148,M002322,2026-09-16
R01355,P110,P104,M010750,2026-09-16
R01356,P203,P152,M004373,2026-09-16
R01357,P022,P059,M002321,2026-09-16
R01358,P148,P022,M002320,2026-09-16
R01359,P115,P228,M016089,2026-09-17
R01360,P148,P022,M002323,2026-09-17
R01361,P152,P148,M004370,2026-09-17
R01362,P022,P059,M001781,2026-09-17
R01363,P059,P203,M011658,2026-09-17
R01364,P152,P148,M013749,2026-09-17
R01365,P022,P059,M004274,2026-09-17
R01366,P022,P059,M002589,2026-09-17
R01367,P148,P022,M004894,2026-09-17
R01368,P148,P022,M004759,2026-09-18
R01369,P033,P144,M015950,2026-09-18
R01370,P110,P104,M022057,2026-09-18
R01371,P148,P022,M003860,2026-09-18
R01372,P022,P059,M004371,2026-09-18
R01373,P148,P022,M004893,2026-09-19
R01374,P031,P292,M020062,2026-09-19
R01375,P018,P219,M012010,2026-09-19
R01376,P148,P022,M009134,2026-09-19
R01377,P059,P203,M003886,2026-09-19
R01378,P233,P261,M013942,2026-09-19
R01379,P203,P152,M004849,2026-09-19
R01380,P148,P022,M004848,2026-09-19
R01381,P148,P022,M002587,2026-09-19
R01382,P199,P123,M007858,2026-09-20
R01383,P203,P152,M013750,2026-09-20
R01384,P152,P148,M002322,2026-09-20
R01385,P059,P203,M009584,2026-09-20
R01386,P203,P152,M004372,2026-09-20
R01387,P096,P072,M000733,2026-09-20
R01388,P148,P022,M009158,2026-09-20
R01389,P059,P203,M002587,2026-09-20
R01390,P203,P152,M002588,2026-09-20
R01391,P059,P203,M001782,2026-09-20
R01392,P010,P261,M010808,2026-09-20
R01393,P010,P261,M009969,2026-09-21
R01394,P059,P203,M008225,2026-09-21
R01395,P148,P022,M009582,2026-09-21
R01396,P148,P022,M011658,2026-09-21
R01397,P059,P203,M009134,2026-09-21
R01398,P252,P200,M019220,2026-09-21
R01399,P148,P022,M002591,2026-09-21
R01400,P203,P152,M009580,2026-09-21
R01401,P152,P148,M009132,2026-09-21
R01402,P297,P291,M000430,2026-09-21
R01403,P152,P148,M002319,2026-09-21
R01404,P022,P059,M004847,2026-09-22
R01405,P148,P022,M002319,2026-09-22
R01406,P022,P059,M009132,2026-09-22
R01407,P059,P203,M010606,2026-09-22
R01408,P202,P005,M018602,2026-09-22
R01409,P059,P022,M024023,2026-09-22
R01410,P203,P152,M009156,2026-09-22
R01411,P152,P148,M000921,2026-09-22
R01412,P059,P203,M005592,2026-09-22
R01413,P152,P148,M001780,2026-09-22
R01414,P137,P288,M023734,2026-09-22
R01415,P022,P059,M003883,2026-09-23
R01416,P203,P152,M013825,2026-09-23
R01417,P033,P098,M024249,2026-09-23
R01418,P203,P152,M009134,2026-09-23
R01419,P059,P203,M010606,2026-09-23
R01420,P059,P203,M004756,2026-09-23
R01421,P022,P059,M003863,2026-09-23
R01422,P152,P091,M006932,2026-09-24
R01423,P022,P059,M009135,2026-09-24
R01424,P203,P152,M004892,2026-09-24
R01425,P203,P152,M003886,2026-09-24
R01426,P022,P059,M002592,2026-09-24
R01427,P203,P152,M009135,2026-09-24
R01428,P203,P152,M008211,2026-09-24
R01429,P148,P022,M013827,2026-09-24
R01430,P022,P059,M002324,2026-09-24
R01431,P278,P026,M022105,2026-09-24
R01432,P152,P148,M001137,2026-09-24
R01433,P022,P059,M001780,2026-09-24
R01434,P203,P152,M002592,2026-09-24
R01435,P148,P022,M008213,2026-09-25
R01436,P152,P148,M013732,2026-09-25
R01437,P148,P022,M013750,2026-09-25
R01438,P045,P039,M024273,2026-09-25
R01439,P113,P292,M004547,2026-09-25
R01440,P203,P152,M004849,2026-09-25
R01441,P022,P059,M001136,2026-09-25
R01442,P022,P059,M011659,2026-09-25
R01443,P059,P203,M003863,2026-09-25
R01444,P059,P203,M009132,2026-09-25
R01445,P032,P242,M025762,2026-09-26
R01446,P152,P148,M002589,2026-09-26
R01447,P203,P152,M005592,2026-09-26
R01448,P059,P203,M003862,2026-09-26
R01449,P059,P203,M004848,2026-09-26
R01450,P203,P167,M002622,2026-09-26
R01451,P152,P148,M003885,2026-09-26
R01452,P059,P203,M004896,2026-09-27
R01453,P059,P203,M009581,2026-09-27
R01454,P203,P152,M013826,2026-09-27
R01455,P148,P022,M003863,2026-09-27
R01456,P048,P145,M018285,2026-09-27
R01457,P148,P022,M008225,2026-09-27
R01458,P187,P239,M006045,2026-09-27
R01459,P148,P022,M001781,2026-09-27
R01460,P059,P203,M003862,2026-09-27
R01461,P031,P029,M024743,2026-09-28
R01462,P203,P152,M003885,2026-09-28
R01463,P059,P203,M001783,2026-09-28
R01464,P069,P259,M020313,2026-09-28
R01465,P059,P203,M004895,2026-09-28
R01466,P022,P059,M000921,2026-09-28
R01467,P148,P022,M004849,2026-09-29
R01468,P172,P090,M024080,2026-09-29
R01469,P022,P059,M004756,2026-09-29
R01470,P203,P152,M003639,2026-09-29
R01471,P148,P022,M002320,2026-09-29
R01472,P203,P152,M013750,2026-09-29
R01473,P203,P152,M009133,2026-09-29
R01474,P022,P059,M008211,2026-09-29
R01475,P059,P203,M000920,2026-09-29
R01476,P022,P059,M008214,2026-09-29
R01477,P148,P022,M001135,2026-09-29
R01478,P022,P059,M003637,2026-09-29
R01479,P203,P152,M004847,2026-09-29
