a,b,shared,lift,ref_ab,ref_ba,same_owner,agent_claims
P020,P174,6,0.94,1,0,0,6
P118,P119,0,0.0,0,0,1,0
P010,P261,41,1.05,3,0,0,14
P098,P240,76,0.93,0,0,0,15
P072,P081,17,1.26,0,1,0,3
P014,P145,12,0.96,0,0,0,6
P057,P208,13,1.37,0,1,0,2
P181,P198,39,0.96,0,0,0,1
P107,P206,10,1.07,0,1,0,14
P011,P057,27,0.85,0,0,0,6
P003,P211,0,0.0,0,0,1,0
P034,P161,6,0.8,0,0,0,9
P006,P086,15,0.81,0,0,0,8
P009,P293,11,1.28,4,0,0,1
P177,P239,6,0.8,5,0,0,1
P029,P183,13,1.05,0,1,0,13
P161,P170,39,0.8,0,0,0,10
P289,P293,5,0.88,0,0,0,53
P107,P288,85,1.01,0,0,0,101
P190,P288,19,0.99,0,0,0,14
P022,P181,17,0.96,0,0,0,12
P135,P195,8,0.67,0,0,0,0
P227,P279,0,0.0,0,0,1,0
P007,P189,18,0.83,0,0,0,10
P003,P086,0,0.0,0,0,1,0
P032,P140,7,0.62,0,0,0,1
P038,P178,5,1.07,0,1,0,2
P138,P154,8,2.6,0,0,0,7
P183,P265,5,0.9,0,0,0,3
P022,P167,46,0.96,0,0,0,25
P078,P100,10,0.52,0,0,0,31
P077,P208,15,1.25,0,0,0,4
P101,P285,6,1.3,0,0,0,4
P029,P097,8,0.79,0,0,0,9
P075,P218,153,0.97,0,0,0,44
P024,P041,25,0.98,0,0,0,3
P153,P240,25,1.05,0,0,0,5
P022,P252,7,0.8,0,1,0,5
P183,P272,46,1.01,0,0,0,14
P050,P132,7,1.55,0,0,0,6
P129,P162,37,0.95,0,0,0,13
P055,P084,11,1.06,0,0,0,9
P059,P092,5,0.9,0,0,0,3
P040,P052,0,0.0,0,0,1,0
P267,P288,7,0.66,0,0,0,86
P022,P092,8,0.81,0,0,0,6
P239,P286,5,0.81,0,0,0,9
P033,P144,15,1.09,1,0,0,13
P158,P195,10,0.73,0,3,0,6
P091,P093,44,0.99,0,0,0,29
P266,P296,0,0.0,0,0,1,0
P065,P079,5,1.4,0,0,0,6
P291,P294,42,1.02,0,0,0,20
P247,P296,0,0.0,0,0,1,0
P207,P237,0,0.0,0,0,1,0
P094,P188,6,1.24,0,0,0,2
P100,P212,9,1.75,0,0,0,7
P058,P112,0,0.0,0,0,1,0
P007,P064,18,0.87,0,0,0,3
P135,P151,20,0.44,0,0,0,7
P098,P139,58,1.12,0,0,0,13
P201,P272,31,1.14,0,0,0,8
P012,P275,60,1.09,0,0,0,27
P169,P200,0,0.0,0,0,1,0
P126,P171,0,0.0,0,0,1,0
P028,P205,23,1.23,0,1,0,8
P122,P241,27,0.8,0,1,0,11
P038,P273,126,1.02,0,0,0,59
P148,P200,18,1.23,0,0,0,7
P041,P291,16,0.76,0,0,0,9
P089,P233,8,1.1,0,0,0,3
P065,P215,7,1.13,0,0,0,6
P041,P299,7,1.05,0,0,0,13
P104,P200,0,0.0,0,0,1,0
P170,P178,17,0.87,0,0,0,2
P006,P058,8,1.1,1,0,0,2
P257,P287,7,1.12,0,1,0,5
P072,P270,0,0.0,0,0,1,0
P135,P158,17,0.5,0,0,0,6
P002,P065,6,1.23,2,0,0,4
P127,P131,28,1.38,2,0,0,4
P047,P209,10,0.9,0,0,0,3
P025,P246,0,0.0,0,0,1,0
P024,P297,8,0.84,0,0,0,0
P092,P221,0,0.0,0,0,1,0
P138,P275,9,0.8,0,0,0,11
P018,P106,0,0.0,0,0,1,0
P024,P073,31,1.2,0,0,0,4
P068,P297,8,0.77,0,0,0,2
P051,P240,22,1.15,0,0,0,4
P075,P164,28,1.25,0,2,0,10
P219,P241,25,1.27,0,0,0,9
P093,P252,5,0.63,0,0,0,3
P060,P109,5,0.98,0,0,0,5
P019,P051,5,0.84,0,0,0,3
P068,P073,28,1.0,0,2,0,16
P021,P227,11,1.18,0,0,0,36
P227,P278,10,1.2,0,0,0,3
P052,P260,8,1.04,0,0,0,9
P099,P207,8,1.97,0,0,0,1
P081,P193,0,0.0,0,0,1,0
P075,P243,199,0.96,0,0,0,61
P052,P221,10,0.89,0,0,0,9
P071,P130,8,1.13,0,0,0,2
P266,P272,10,0.74,1,0,0,5
P067,P072,7,0.75,2,0,0,5
P187,P286,7,1.92,0,0,0,5
P134,P194,116,0.96,0,0,0,25
P054,P274,5,1.55,0,0,0,13
P218,P243,319,0.93,0,0,0,90
P223,P272,23,0.98,0,0,0,8
P112,P294,19,0.93,1,0,0,10
P053,P065,18,1.33,0,0,0,16
P036,P280,31,0.94,0,0,0,26
P170,P273,488,0.95,0,0,0,143
P047,P244,5,1.19,0,0,0,3
P154,P275,9,1.18,2,0,0,9
P106,P240,0,0.0,0,0,1,0
P061,P170,13,0.94,0,0,0,56
P167,P213,10,1.48,0,0,0,6
P002,P193,21,0.82,0,0,0,4
P185,P240,9,0.97,0,0,0,2
P122,P196,8,0.67,0,0,0,72
P277,P291,11,1.23,0,0,0,5
P156,P171,7,1.06,0,0,0,0
P035,P039,91,0.89,0,0,0,41
P042,P191,0,0.0,0,0,1,0
P144,P240,49,1.13,0,0,0,13
P225,P288,24,1.16,0,0,0,10
P036,P065,34,1.07,0,0,0,25
P034,P273,68,0.86,0,0,0,82
P004,P042,13,1.01,0,1,0,5
P010,P279,0,0.0,0,0,1,0
P024,P048,0,0.0,0,0,1,0
P043,P276,6,0.72,1,0,0,6
P199,P292,14,1.27,0,0,0,6
P165,P252,0,0.0,0,0,1,0
P231,P244,0,0.0,0,0,1,0
P168,P244,0,0.0,0,0,1,0
P198,P213,18,1.2,0,0,0,0
P115,P228,17,1.15,1,0,0,4
P007,P111,24,0.95,0,0,0,6
P275,P295,8,2.51,0,0,0,1
P105,P270,5,0.91,0,0,0,2
P036,P043,24,1.73,0,0,0,6
P114,P291,5,0.98,0,0,0,5
P111,P208,10,1.1,0,0,0,5
P090,P274,21,1.35,0,1,0,9
P051,P139,10,0.83,0,0,0,3
P131,P195,35,1.23,0,1,0,8
P078,P212,16,0.81,0,0,0,8
P003,P025,0,0.0,0,0,1,0
P129,P209,84,1.17,0,0,0,23
P198,P257,0,0.0,0,0,1,0
P001,P020,0,0.0,0,0,1,0
P052,P120,0,0.0,0,0,1,0
P030,P192,5,0.87,0,0,0,4
P022,P200,19,1.1,0,0,0,10
P003,P055,48,1.01,0,0,0,24
P160,P209,9,0.9,1,0,0,5
P276,P282,8,0.94,0,1,0,10
P029,P123,13,1.07,0,0,0,12
P046,P249,0,0.0,0,0,1,0
P134,P222,7,1.51,0,0,0,45
P100,P273,45,1.14,0,0,0,41
P141,P171,0,0.0,0,0,1,0
P167,P203,19,0.74,0,2,0,5
P003,P193,1,0.01,0,0,1,0
P073,P297,11,2.17,0,0,0,2
P019,P262,0,0.0,0,0,1,0
P073,P299,6,0.89,0,0,0,26
P168,P231,0,0.0,0,0,1,0
P125,P226,8,1.14,0,0,1,1
P033,P085,5,1.06,0,0,0,1
P020,P288,19,0.92,0,0,0,10
P088,P271,9,0.86,0,0,0,10
P086,P211,0,0.0,0,0,1,0
P065,P269,9,2.34,0,0,0,3
P054,P232,0,0.0,0,0,1,0
P124,P198,12,0.87,0,0,0,1
P050,P134,56,1.16,0,0,0,15
P129,P244,27,1.0,0,0,0,13
P091,P152,22,0.69,0,1,0,7
P121,P140,8,1.47,0,0,0,0
P198,P203,51,0.9,0,0,0,0
P071,P176,1,0.42,0,0,1,0
P050,P270,0,0.0,0,0,1,0
P193,P276,101,1.0,0,0,0,112
P012,P287,31,1.14,0,0,0,15
P066,P162,81,0.96,0,0,0,34
P142,P260,12,0.9,0,0,0,18
P181,P252,5,1.49,0,0,0,3
P270,P271,3,1.29,0,0,1,0
P217,P219,0,0.0,0,0,1,0
P142,P221,27,1.37,0,0,0,16
P105,P298,6,0.38,0,0,0,3
P036,P079,11,1.43,0,1,0,9
P142,P162,0,0.0,0,0,1,0
P055,P179,19,0.98,0,0,0,14
P142,P232,7,1.11,0,0,0,3
P022,P093,39,0.94,0,0,0,23
P040,P085,0,0.0,0,0,1,0
P029,P250,5,1.3,0,0,0,2
P131,P158,95,1.16,0,0,0,20
P043,P266,0,0.0,0,0,1,0
P095,P293,24,1.24,2,0,0,7
P119,P231,11,1.04,0,0,0,3
P123,P223,8,2.5,0,0,0,6
P139,P153,19,1.27,0,0,0,5
P177,P261,54,1.01,4,0,0,1
P187,P239,8,0.99,2,0,0,10
P113,P179,6,0.93,0,0,0,7
P098,P153,16,0.92,0,0,0,3
P107,P238,6,0.76,0,1,0,14
P054,P102,5,1.3,0,0,0,11
P227,P270,7,0.82,0,0,0,4
P034,P245,0,0.0,0,0,1,0
P165,P192,11,0.66,0,0,0,8
P041,P112,10,0.96,0,0,0,6
P071,P172,6,0.98,0,0,0,3
P149,P275,0,0.0,0,0,1,0
P107,P217,6,1.5,0,0,0,6
P169,P193,15,1.43,0,0,0,7
P012,P128,27,0.95,0,1,0,8
P079,P112,0,0.0,0,0,1,0
P018,P134,11,0.99,0,0,0,3
P125,P256,14,1.24,0,0,0,2
P129,P285,52,0.96,0,0,0,25
P016,P198,19,0.87,0,0,0,1
P059,P198,64,1.07,0,0,0,1
P135,P235,22,0.34,0,0,0,7
P029,P292,26,0.87,0,0,0,28
P142,P204,15,1.28,0,1,0,14
P097,P292,14,1.13,0,0,0,9
P024,P294,49,0.98,0,0,0,2
P030,P285,11,1.11,0,0,0,7
P071,P149,0,0.0,0,0,1,0
P031,P055,13,0.9,0,0,0,12
P068,P294,50,0.93,0,0,0,19
P076,P157,11,1.25,0,0,0,3
P131,P135,22,0.31,0,1,0,7
P132,P236,5,0.88,2,0,0,4
P108,P214,17,0.95,3,0,0,9
P005,P228,92,0.83,0,0,0,31
P231,P262,11,1.7,0,0,0,12
P091,P167,40,0.78,0,0,0,35
P061,P147,0,0.0,0,0,1,0
P078,P273,157,1.04,0,0,0,52
P148,P152,97,3.84,0,185,1,379
P159,P296,0,0.0,0,0,1,0
P090,P102,19,1.02,0,5,0,5
P158,P235,84,1.14,0,0,0,24
P034,P038,32,1.01,0,0,0,49
P081,P246,0,0.0,0,0,1,0
P089,P187,12,1.81,0,0,0,8
P011,P208,60,0.98,0,2,0,13
P211,P246,0,0.0,0,0,1,0
P259,P262,45,0.94,0,0,0,145
P147,P193,14,1.09,0,0,0,6
P052,P142,12,0.54,0,0,0,19
P026,P270,20,1.26,0,0,0,4
P053,P070,5,1.14,0,0,0,5
P231,P236,0,0.0,0,0,1,0
P162,P165,18,0.87,0,0,0,18
P168,P236,0,0.0,0,0,1,0
P098,P185,5,0.73,0,0,0,1
P047,P066,23,0.88,0,0,0,6
P249,P261,17,1.12,1,0,0,4
P037,P174,7,0.86,0,0,0,4
P227,P298,8,0.33,0,2,0,7
P088,P298,8,0.29,0,1,0,9
P044,P136,6,0.89,0,0,0,2
P013,P198,31,1.05,0,0,0,1
P202,P275,6,0.98,1,0,0,3
P281,P288,20,0.8,3,0,0,6
P070,P099,0,0.0,0,0,1,0
P099,P253,0,0.0,0,0,1,0
P110,P207,7,1.76,0,0,0,2
P050,P072,0,0.0,0,0,1,0
P035,P063,9,1.39,0,0,0,34
P196,P236,5,1.73,0,0,0,25
P055,P178,0,0.0,0,0,1,0
P008,P291,0,0.0,0,0,1,0
P065,P282,6,0.92,0,0,0,7
P035,P048,17,1.26,0,0,1,8
P194,P241,18,1.12,0,0,0,6
P180,P206,5,2.36,0,0,0,3
P209,P244,22,0.88,0,0,0,15
P216,P220,10,0.94,0,0,0,1
P152,P198,66,0.97,0,0,0,1
P177,P286,7,2.09,0,0,0,0
P093,P198,103,1.08,0,0,0,3
P167,P252,13,1.43,0,0,0,7
P100,P130,0,0.0,0,0,1,0
P038,P078,60,0.99,0,0,0,28
P153,P185,2,1.01,0,0,1,1
P209,P210,5,0.74,0,0,0,2
P066,P209,141,0.91,0,0,0,51
P192,P209,27,0.94,0,0,0,13
P007,P057,23,0.87,0,0,0,6
P123,P292,10,0.67,0,0,0,11
P181,P200,6,0.91,0,0,0,7
P088,P227,35,0.92,0,0,0,35
P051,P153,5,1.23,2,0,0,1
P064,P111,6,1.61,0,0,0,1
P135,P208,0,0.0,0,0,1,0
P165,P285,24,0.84,0,0,0,20
P174,P206,9,1.11,0,0,0,10
P144,P162,0,0.0,0,0,1,0
P027,P153,0,0.0,0,0,1,0
P175,P192,11,0.61,0,0,0,11
P026,P298,13,0.28,0,0,1,8
P128,P228,58,0.94,1,0,0,8
P074,P147,7,1.95,0,0,0,6
P198,P252,24,1.19,0,0,0,2
P036,P269,8,0.97,0,0,0,5
P039,P082,37,0.99,0,0,0,11
P055,P077,0,0.0,0,0,1,0
P174,P288,72,0.98,0,0,0,30
P071,P090,22,1.25,0,0,0,5
P017,P262,0,0.0,0,0,1,0
P073,P294,26,0.98,1,0,0,16
P043,P280,8,1.2,0,0,0,5
P029,P201,10,1.35,0,0,0,5
P230,P260,23,1.1,0,0,0,18
P170,P276,0,0.0,0,0,1,0
P064,P239,0,0.0,0,0,1,0
P003,P246,0,0.0,0,0,1,0
P086,P193,2,0.0,0,0,1,0
P066,P244,54,0.92,0,0,0,19
P022,P091,51,1.02,0,0,0,33
P024,P038,0,0.0,0,0,1,0
P250,P272,15,1.07,0,0,0,3
P026,P105,38,0.94,0,1,0,15
P038,P161,11,0.94,0,0,0,10
P192,P244,14,1.29,0,0,0,7
P228,P295,13,0.96,0,0,0,2
P127,P235,23,1.26,0,0,0,5
P007,P077,31,0.93,0,4,0,7
P028,P234,9,0.56,0,0,0,11
P022,P152,104,3.49,0,0,1,388
P043,P065,10,1.55,0,0,0,5
P098,P211,8,0.73,0,0,0,4
P137,P288,26,1.44,1,0,0,5
P194,P196,5,0.87,0,0,0,23
P230,P232,11,1.12,0,0,0,3
P060,P062,8,1.25,0,0,0,4
P144,P153,8,0.87,0,0,0,2
P168,P215,0,0.0,0,0,1,0
P007,P283,26,0.99,0,2,0,4
P030,P066,29,0.94,1,0,0,8
P226,P293,5,0.67,0,0,0,0
P086,P182,15,0.86,0,0,0,4
P028,P108,26,0.79,0,8,0,13
P039,P083,70,0.83,0,0,0,24
P124,P167,9,1.44,0,0,0,9
P108,P205,7,0.81,0,0,0,3
P104,P264,8,1.15,0,2,0,1
P050,P194,17,0.85,0,0,0,6
P131,P235,182,1.19,0,0,0,46
P143,P230,16,1.16,1,0,0,4
P101,P244,6,2.6,0,0,0,1
P027,P185,0,0.0,0,0,1,0
P162,P175,16,0.71,0,0,0,15
P148,P155,8,0.83,0,0,0,3
P193,P280,83,1.03,0,0,0,26
P038,P300,7,1.38,0,0,0,2
P068,P252,0,0.0,0,0,1,0
P038,P048,0,0.0,0,0,1,0
P029,P265,9,0.83,0,3,0,9
P097,P265,10,2.21,0,0,0,3
P049,P231,6,1.1,0,0,0,2
P056,P276,5,1.34,1,0,0,3
P204,P221,9,1.51,0,0,0,5
P163,P242,10,1.19,1,0,0,2
P029,P272,86,0.97,0,0,0,40
P097,P272,34,0.92,0,0,0,11
P010,P280,0,0.0,0,0,1,0
P052,P156,15,0.81,0,0,0,2
P026,P088,68,0.95,0,0,0,61
P019,P184,74,0.87,1,0,0,7
P144,P185,5,1.38,0,1,0,0
P206,P288,29,1.1,3,0,0,13
P020,P037,5,2.19,0,0,0,0
P079,P276,5,1.08,0,0,0,9
P038,P248,0,0.0,0,0,1,0
P102,P130,7,0.93,0,0,0,2
P161,P212,9,2.37,0,0,0,4
P016,P181,6,1.66,0,0,0,2
P132,P219,11,0.79,0,0,0,9
P248,P264,5,0.77,0,0,0,1
P139,P144,32,1.17,0,0,0,11
P065,P193,89,1.14,0,0,0,27
P238,P288,19,0.85,0,0,0,14
P016,P167,13,1.33,1,0,0,7
P038,P170,197,0.95,0,0,0,59
P065,P074,18,0.83,0,0,0,20
P160,P165,7,1.21,0,0,0,5
P059,P167,21,0.78,0,0,0,8
P018,P194,5,1.08,2,0,0,2
P038,P229,12,1.18,0,0,0,6
P228,P257,52,0.97,0,0,0,16
P167,P200,17,0.95,0,0,0,12
P187,P261,62,1.07,2,0,0,17
P072,P271,0,0.0,0,0,1,0
P043,P296,0,0.0,0,0,1,0
P001,P062,6,1.38,0,0,0,1
P142,P144,0,0.0,0,0,1,0
P170,P300,22,1.04,0,0,0,2
P091,P148,31,0.73,0,0,0,15
P078,P246,13,0.86,0,1,0,7
P036,P282,14,1.0,0,0,0,10
P030,P162,6,0.84,0,0,0,4
P023,P125,8,0.68,0,0,0,1
P205,P214,9,0.89,2,0,0,7
P255,P273,11,0.84,0,0,0,4
P198,P200,41,1.04,1,0,0,1
P196,P219,7,0.99,0,0,0,42
P119,P259,72,0.91,5,0,0,10
P074,P276,32,1.14,0,0,0,45
P019,P098,21,0.82,0,0,0,4
P047,P175,5,0.72,0,0,0,5
P013,P181,6,1.22,0,0,0,4
P037,P288,28,1.06,0,0,0,7
P123,P265,6,1.1,0,1,0,7
P117,P274,5,1.28,0,0,0,3
P244,P285,20,1.06,0,0,0,17
P013,P167,10,0.75,2,0,0,11
P123,P272,41,0.92,0,0,0,14
P162,P192,15,0.96,0,0,0,10
P041,P297,6,1.19,0,0,0,1
P159,P247,0,0.0,0,0,1,0
P041,P073,20,1.47,0,0,0,10
P107,P253,6,0.79,0,2,0,9
P022,P155,8,0.7,0,1,0,5
P055,P183,26,1.19,0,0,0,13
P170,P229,39,0.92,0,0,0,7
P152,P181,10,0.88,0,0,0,4
P093,P181,15,0.94,0,3,0,16
P033,P240,30,0.85,0,0,0,10
P144,P211,7,1.21,0,1,0,4
P049,P262,6,1.84,0,0,0,9
P179,P265,5,1.02,0,0,0,4
P152,P167,23,0.75,1,0,0,6
P003,P199,10,1.01,0,0,0,6
P093,P167,44,1.02,0,0,0,33
P034,P170,124,0.94,0,0,0,90
P216,P251,34,0.9,4,0,0,5
P113,P183,8,1.09,0,0,0,7
P179,P272,36,0.9,3,0,0,17
P055,P097,13,0.73,0,0,0,9
P034,P229,7,1.08,0,0,0,7
P116,P212,0,0.0,0,0,1,0
P105,P271,8,1.35,0,0,0,3
P142,P156,24,0.74,0,0,0,2
P037,P263,0,0.0,0,0,1,0
P035,P038,0,0.0,0,0,1,0
P054,P071,5,1.37,0,0,0,9
P179,P183,6,1.07,0,0,0,5
P273,P296,10,1.28,0,0,0,65
P187,P245,8,2.33,0,0,0,4
P084,P223,5,3.23,0,0,0,3
P086,P246,0,0.0,0,0,1,0
P093,P124,5,0.93,0,0,0,4
P099,P299,0,0.0,0,0,1,0
P005,P012,55,1.07,0,0,0,26
P084,P123,5,1.7,0,0,0,4
P052,P230,34,0.98,0,0,0,18
P167,P198,112,1.02,0,0,0,3
P042,P075,19,0.86,1,0,0,7
P217,P288,9,0.79,0,0,0,6
P110,P162,0,0.0,0,0,1,0
P221,P232,6,1.88,0,1,0,0
P100,P170,60,0.91,0,0,0,41
P046,P150,0,0.0,0,0,1,0
P002,P074,7,0.98,1,0,0,3
P166,P169,0,0.0,0,0,1,0
P161,P273,29,0.99,0,0,0,10
P034,P129,0,0.0,0,0,1,0
P019,P144,13,0.96,0,0,0,5
P160,P175,7,1.11,0,0,0,5
P003,P113,14,0.88,0,0,0,12
P095,P256,5,1.73,0,0,0,1
P025,P197,228,0.97,0,0,0,28
P155,P203,5,0.82,0,0,0,0
P220,P225,0,0.0,0,0,1,0
P050,P271,0,0.0,0,0,1,0
P249,P297,0,0.0,0,0,1,0
P033,P139,22,0.99,1,0,0,8
P069,P119,7,1.46,0,0,0,0
P078,P161,11,0.77,0,0,0,7
P038,P255,6,1.14,0,2,0,4
P005,P202,7,1.23,0,2,0,4
P166,P170,54,1.0,0,0,0,8
P102,P172,7,1.08,0,0,0,7
P107,P159,5,1.21,0,0,0,5
P021,P105,12,1.99,0,0,0,16
P017,P019,0,0.0,0,0,1,0
P133,P134,16,1.15,0,0,0,7
P256,P290,5,2.96,0,0,0,1
P102,P297,0,0.0,0,0,1,0
P042,P283,0,0.0,0,0,1,0
P053,P193,72,1.02,0,0,0,33
P059,P200,10,1.03,1,0,0,6
P053,P074,13,0.66,0,0,0,23
P125,P154,0,0.0,0,0,1,0
P114,P123,0,0.0,0,0,1,0
P193,P222,0,0.0,0,0,1,0
P030,P209,16,1.22,1,0,0,6
P071,P102,9,1.25,0,0,0,2
P024,P068,55,1.05,0,0,0,3
P116,P180,0,0.0,0,0,1,0
P036,P193,179,1.07,0,0,0,65
P019,P057,0,0.0,0,0,1,0
P007,P208,56,1.11,0,2,0,12
P036,P074,48,1.03,0,0,0,36
P089,P116,7,1.86,0,0,0,4
P063,P145,9,0.99,0,0,0,40
P115,P135,0,0.0,0,0,1,0
P227,P271,11,1.2,0,1,0,6
P074,P282,9,0.94,0,2,0,9
P104,P248,7,0.67,0,2,0,4
P099,P104,10,1.47,3,0,0,0
P009,P095,6,2.87,0,0,0,0
P025,P081,0,0.0,0,0,1,0
P150,P177,6,2.1,0,0,0,1
P017,P044,29,0.91,0,0,0,5
P170,P255,19,0.86,0,0,0,4
P258,P263,128,0.95,0,0,0,34
P070,P193,25,0.99,0,0,0,7
P129,P210,6,0.82,0,0,0,1
P015,P090,5,0.78,0,0,0,27
P180,P212,0,0.0,0,0,1,0
P016,P148,6,0.75,1,0,0,3
P084,P292,9,1.24,1,0,0,8
P222,P246,0,0.0,0,0,1,0
P097,P207,0,0.0,0,0,1,0
P016,P093,8,0.94,1,0,0,6
P059,P148,96,4.32,1,0,1,383
P021,P088,15,1.4,0,0,0,93
P022,P148,111,2.81,0,203,1,392
P027,P193,12,0.19,0,0,0,5
P059,P093,25,1.07,1,0,0,6
P079,P280,8,2.16,0,0,0,6
P142,P230,59,0.98,0,0,0,42
P055,P223,13,1.15,0,0,0,8
P130,P274,7,1.11,0,0,0,2
P005,P138,11,1.05,0,1,0,12
P186,P227,12,1.2,0,0,0,4
P152,P200,11,1.0,0,0,0,3
P023,P293,14,1.12,1,0,0,5
P093,P200,11,0.71,0,0,0,7
P036,P215,12,0.9,0,0,0,6
P176,P275,0,0.0,0,0,1,0
P057,P262,0,0.0,0,0,1,0
P078,P229,14,1.12,0,0,0,5
P042,P218,31,0.85,1,0,0,7
P229,P273,22,0.87,0,0,0,7
P055,P123,22,1.02,0,0,0,14
P171,P221,6,1.5,0,0,0,3
P026,P271,20,1.17,0,2,0,10
P085,P240,9,0.6,0,0,0,3
P116,P261,35,1.06,1,0,0,10
P138,P287,6,1.07,0,0,0,3
P290,P293,11,0.97,1,0,0,4
P148,P213,5,0.9,0,0,0,3
P034,P147,0,0.0,0,0,1,0
P024,P277,9,0.83,0,0,0,0
P061,P273,5,0.6,0,0,0,53
P022,P059,100,3.82,185,2,1,385
P184,P211,31,0.86,0,0,0,6
P041,P294,21,0.8,3,0,0,11
P055,P266,9,1.37,0,0,0,4
P105,P227,30,1.39,2,0,0,10
P049,P259,38,0.94,2,0,0,9
P068,P277,12,1.02,0,2,0,5
P275,P287,10,0.72,0,2,0,11
P113,P123,5,0.7,1,0,0,8
P037,P107,8,0.86,0,0,0,7
P165,P209,30,0.79,0,0,0,23
P132,P134,28,1.02,2,0,0,14
P170,P296,11,0.84,0,0,0,72
P012,P228,236,1.01,0,0,0,76
P070,P253,0,0.0,0,0,1,0
P261,P286,38,0.86,0,2,0,12
P048,P082,5,1.02,0,0,0,2
P071,P275,0,0.0,0,0,1,0
P216,P229,0,0.0,0,0,1,0
P013,P093,14,1.21,2,0,0,11
P021,P120,0,0.0,0,0,1,0
P048,P248,0,0.0,0,0,1,0
P074,P280,24,1.07,0,0,0,18
P214,P234,8,0.93,0,0,0,7
P057,P283,7,1.42,0,2,0,0
P026,P268,0,0.0,0,0,1,0
P118,P221,11,1.7,0,0,0,5
P003,P084,8,1.23,0,0,0,4
P029,P199,6,0.67,0,1,0,9
P093,P148,29,0.82,0,0,0,9
P005,P257,7,0.59,0,0,0,8
P138,P228,45,0.94,0,0,0,15
P148,P203,98,4.66,0,0,1,381
P165,P244,13,0.91,0,0,0,11
P048,P083,9,0.82,0,0,0,7
P159,P288,12,1.03,1,0,0,5
P055,P250,7,1.03,0,0,0,3
P127,P151,16,1.24,2,0,0,4
P089,P224,5,1.27,0,0,0,6
P052,P171,5,1.1,0,0,0,2
P082,P083,14,1.4,0,0,0,8
P184,P240,235,0.87,0,0,0,51
P081,P222,0,0.0,0,0,1,0
P019,P033,15,1.35,0,0,0,4
P066,P175,89,0.92,0,0,0,31
P126,P177,6,2.6,0,0,0,0
P085,P139,9,0.96,0,0,0,3
P211,P222,0,0.0,0,0,1,0
P035,P145,49,1.04,0,0,0,25
P042,P164,6,1.16,0,0,0,3
P193,P211,0,0.0,0,0,1,0
P253,P299,0,0.0,0,0,1,0
P036,P070,15,1.45,0,0,0,6
P122,P236,55,1.05,0,0,0,24
P045,P294,0,0.0,0,0,1,0
P277,P294,12,1.08,0,0,0,5
P042,P243,47,0.98,3,0,0,7
P227,P280,0,0.0,0,0,1,0
P167,P181,14,0.76,0,2,0,18
P279,P280,0,0.0,0,0,1,0
P139,P184,148,0.87,0,0,0,28
P037,P146,0,0.0,0,0,1,0
P154,P228,30,0.92,0,0,0,13
P066,P184,5,0.02,0,0,0,0
P146,P193,13,1.02,0,0,0,3
P098,P184,174,0.87,0,0,0,24
P038,P100,13,0.82,0,0,0,31
P024,P114,6,0.97,0,0,0,2
P127,P158,12,1.23,1,0,0,3
P036,P120,5,1.48,0,0,0,39
P183,P199,6,1.31,0,0,0,4
P068,P114,10,1.49,0,0,0,3
P011,P111,27,0.88,0,3,0,7
P107,P174,22,0.85,0,0,0,33
P228,P275,130,1.09,0,0,0,29
P021,P026,15,0.86,0,0,0,69
P033,P153,5,0.66,0,0,0,2
P009,P125,10,1.22,0,0,0,1
P055,P292,49,0.93,0,0,0,34
P091,P155,8,0.66,0,1,0,5
P014,P035,10,1.12,1,0,0,6
P029,P113,18,1.26,0,1,0,16
P046,P102,0,0.0,0,0,1,0
P014,P039,23,0.84,1,0,0,8
P114,P294,11,1.73,0,0,0,4
P035,P268,7,0.93,0,1,0,5
P039,P145,145,1.0,0,0,0,46
P073,P277,11,1.91,0,0,0,6
P193,P282,39,1.14,0,0,0,10
P104,P110,9,1.35,0,4,0,1
P089,P150,5,1.16,0,0,0,6
P125,P173,10,1.22,0,0,0,5
P039,P063,18,0.91,0,0,0,73
P294,P299,10,0.77,0,0,0,36
P113,P292,14,0.79,2,0,0,15
P039,P048,37,0.9,0,2,0,9
P153,P184,50,0.87,0,0,0,5
P017,P057,0,0.0,0,0,1,0
P133,P219,10,1.42,0,0,0,4
P279,P288,23,1.02,2,0,0,12
P028,P185,0,0.0,0,0,1,0
P123,P199,7,1.57,0,3,0,6
P102,P249,0,0.0,0,0,1,0
P030,P158,0,0.0,0,0,1,0
P195,P235,31,1.21,0,0,0,9
P016,P091,7,0.69,0,0,0,5
P029,P055,45,1.05,0,0,0,33
P090,P106,10,1.06,0,2,0,4
P179,P292,10,0.74,0,0,0,12
P059,P091,19,0.68,0,0,0,8
P077,P189,7,1.35,0,0,0,5
P058,P086,33,0.88,0,0,0,9
P064,P208,12,1.61,0,0,0,1
P059,P152,93,5.54,0,0,1,380
P245,P261,41,0.99,2,0,0,7
P003,P222,0,0.0,0,0,1,0
P074,P215,14,1.54,0,0,0,5
P291,P297,6,0.76,0,3,0,1
P066,P210,16,1.01,0,0,0,2
P291,P299,10,0.96,0,0,0,36
P192,P210,5,1.69,0,0,0,1
P084,P272,23,1.07,0,0,0,9
P194,P231,0,0.0,0,0,1,0
P147,P245,0,0.0,0,0,1,0
P022,P203,99,3.99,0,0,1,384
P026,P227,62,0.99,0,0,0,27
P058,P254,55,1.01,0,0,0,8
P002,P036,12,1.14,0,0,0,4
P034,P100,12,1.18,0,0,0,33
P092,P093,9,1.02,0,0,0,11
P129,P160,8,0.73,0,0,0,5
P038,P166,16,1.24,0,1,0,7
P175,P244,10,0.64,0,0,0,14
P069,P259,33,0.91,1,0,0,1
P115,P208,0,0.0,0,0,1,0
P099,P264,9,2.11,0,0,0,1
P142,P171,10,1.27,0,2,0,6
P031,P265,5,1.37,0,0,0,1
P215,P280,6,0.93,0,0,0,4
P031,P272,30,1.0,1,0,0,12
P013,P091,19,1.37,0,0,0,11
P194,P244,0,0.0,0,0,1,0
P268,P298,0,0.0,0,0,1,0
P107,P180,5,0.74,0,1,0,7
P174,P253,7,1.06,0,0,0,6
P150,P239,6,1.14,2,0,0,9
P043,P193,32,0.95,0,0,0,6
P013,P152,7,0.85,0,0,0,2
P051,P184,40,0.86,0,0,0,4
P234,P284,7,1.48,0,0,0,3
P236,P244,0,0.0,0,0,1,0
P256,P293,12,1.01,2,0,0,5
P090,P172,12,0.76,0,3,0,3
P031,P183,5,1.2,0,0,0,2
P092,P198,25,1.11,0,0,0,1
P055,P201,13,0.99,0,0,0,8
P017,P136,37,1.01,0,0,0,9
P021,P052,0,0.0,0,0,1,0
P081,P096,5,1.09,0,0,0,2
P049,P119,8,1.49,0,0,0,2
P028,P153,0,0.0,0,0,1,0
P231,P259,75,0.94,9,0,0,12
P148,P252,5,0.67,0,2,0,3
P008,P213,0,0.0,0,0,1,0
P019,P029,0,0.0,0,0,1,0
P134,P236,64,1.05,0,0,0,22
P156,P260,10,0.9,0,0,0,1
P093,P152,29,1.09,0,3,0,6
P257,P275,14,1.11,0,0,0,7
P113,P201,6,1.37,0,0,0,6
P053,P172,0,0.0,0,0,1,0
P204,P230,19,1.04,0,0,0,14
P156,P221,15,0.92,1,0,0,1
P112,P291,16,0.98,1,0,0,10
P116,P239,5,1.09,1,0,0,7
P157,P197,69,0.99,6,0,0,11
P175,P285,31,1.0,0,0,0,25
P129,P165,28,0.68,0,0,0,14
P112,P299,7,1.35,0,0,0,15
P168,P188,5,1.52,0,0,0,1
P280,P282,5,0.74,0,0,0,7
P107,P281,9,1.03,0,0,0,6
P098,P144,31,0.97,0,0,0,10
P036,P247,8,1.64,0,0,0,55
P132,P194,9,0.79,1,0,0,8
P143,P221,7,1.55,1,0,0,3
P010,P227,0,0.0,0,0,1,0
P144,P184,92,0.87,0,0,0,20
P025,P157,64,1.04,0,0,0,6
P156,P232,10,1.91,0,0,0,0
P034,P166,9,1.09,0,0,0,8
P118,P142,11,0.86,0,0,0,11
P030,P165,6,0.8,1,0,0,6
P178,P273,10,0.85,0,0,0,2
P021,P040,0,0.0,0,0,1,0
P003,P179,16,1.31,0,0,0,9
P024,P035,0,0.0,0,0,1,0
P149,P261,19,0.72,1,0,0,3
P228,P287,63,1.06,0,0,0,15
P003,P223,7,0.99,0,0,0,6
P063,P143,0,0.0,0,0,1,0
P072,P096,21,1.16,0,2,0,3
P051,P098,15,1.07,0,0,0,3
P129,P245,1,0.07,0,0,1,0
P003,P081,0,0.0,0,0,1,0
P168,P194,0,0.0,0,0,1,0
P191,P283,0,0.0,0,0,1,0
P003,P123,13,0.96,0,0,0,13
P122,P219,100,0.78,0,0,0,43
P036,P053,28,0.96,0,0,0,28
P055,P265,13,0.68,0,0,0,11
P003,P266,7,1.7,0,0,0,3
P055,P272,143,0.91,0,0,0,58
P145,P268,6,0.57,0,1,0,6
P054,P090,9,0.96,0,0,0,28
P085,P120,0,0.0,0,0,1,0
P025,P076,31,1.04,0,0,0,6
P202,P228,23,0.88,0,0,0,5
P032,P163,6,0.75,0,0,0,2
P253,P288,22,1.02,2,0,0,9
P058,P191,7,0.8,0,1,0,1
P200,P203,9,0.98,0,0,0,0
P032,P242,40,0.99,9,0,0,9
P077,P111,8,1.33,0,0,0,1
P100,P166,7,1.69,0,0,0,5
P070,P299,0,0.0,0,0,1,0
P113,P265,5,0.78,0,0,0,7
P074,P269,6,1.07,0,1,0,4
P156,P204,10,1.02,0,0,0,2
P061,P078,5,1.23,0,0,0,32
P170,P212,60,0.9,0,0,0,10
P113,P272,45,0.86,1,0,0,23
P059,P155,6,0.94,0,0,0,4
P162,P209,34,0.95,0,0,0,19
P080,P142,8,1.34,0,0,0,5
P105,P278,8,1.49,0,0,0,0
P052,P085,0,0.0,0,0,1,0
P005,P154,7,0.98,0,1,0,8
P155,P198,22,0.84,0,0,0,2
P016,P022,7,0.74,0,0,0,6
P047,P234,0,0.0,0,0,1,0
P034,P212,7,0.68,0,0,0,8
P139,P198,0,0.0,0,0,1,0
P166,P200,0,0.0,0,0,1,0
P193,P215,30,0.92,0,0,0,7
P028,P284,20,0.95,0,2,0,6
P174,P190,8,1.36,0,1,0,11
P066,P101,12,0.84,0,0,0,4
P006,P254,22,0.82,2,0,0,7
P066,P129,164,0.98,0,0,0,37
P025,P222,0,0.0,0,0,1,0
P032,P121,22,1.19,0,0,0,5
P132,P241,6,1.65,0,0,0,3
P139,P257,0,0.0,0,0,1,0
P084,P217,0,0.0,0,0,1,0
P043,P159,0,0.0,0,0,1,0
P003,P031,8,0.88,0,0,0,5
P089,P245,6,1.26,0,0,0,3
P190,P221,0,0.0,0,0,1,0
P162,P244,15,1.11,0,0,0,11
P043,P070,6,2.87,0,0,0,1
P159,P266,0,0.0,0,0,1,0
P011,P077,40,0.99,0,0,0,9
P213,P291,0,0.0,0,0,1,0
P058,P182,8,1.16,0,1,0,1
P095,P125,16,0.87,0,0,0,2
P122,P132,24,1.02,0,0,0,12
P149,P286,7,4.22,0,0,0,1
P194,P236,18,0.72,0,0,1,12
P014,P083,5,0.69,0,0,0,5
P011,P283,30,0.95,0,1,0,5
P012,P202,9,0.75,0,0,0,5
P066,P160,26,1.1,0,0,0,7
P151,P195,29,1.61,0,1,0,11
P085,P184,32,0.88,0,0,0,4
P181,P203,5,0.53,0,0,0,3
P205,P234,8,1.9,0,0,0,3
P058,P079,0,0.0,0,0,1,0
P221,P230,40,1.31,0,0,0,18
P129,P175,47,1.05,0,0,0,20
P086,P222,0,0.0,0,0,1,0
P067,P117,0,0.0,0,0,1,0
P101,P129,8,1.21,0,0,0,4
P013,P022,16,1.24,2,0,0,9
P003,P292,29,0.87,0,0,0,18
P152,P155,5,0.69,0,0,0,2
P104,P166,0,0.0,0,0,1,0
P002,P280,8,1.58,1,0,0,1
P107,P267,5,1.34,0,0,0,80
P030,P175,17,2.07,0,0,0,7
P093,P155,7,0.69,0,1,0,3
P154,P226,0,0.0,0,0,1,0
P090,P117,10,0.88,0,2,0,7
P166,P212,6,1.43,0,0,0,4
P031,P123,5,1.22,2,0,0,3
P091,P198,124,1.09,0,0,0,4
P005,P275,32,1.23,0,0,0,16
P107,P225,9,1.23,0,0,0,10
P008,P017,19,0.95,0,0,0,8
P091,P213,7,1.0,0,0,0,5
P269,P280,5,1.26,1,0,0,3
P125,P290,7,0.65,0,0,0,2
P041,P068,32,1.16,1,0,0,11
P024,P291,42,1.05,2,0,0,3
P024,P299,13,1.03,0,0,0,4
P068,P291,35,0.81,0,0,0,17
P184,P185,20,0.88,0,0,0,2
P126,P141,0,0.0,0,0,1,0
P162,P285,18,0.67,0,0,0,21
P068,P299,10,0.73,0,0,0,35
P173,P293,9,1.04,0,0,0,3
P118,P156,12,1.13,0,0,0,1
P078,P166,20,1.26,0,0,0,4
P110,P264,5,1.2,0,0,0,3
P104,P207,8,1.2,0,4,0,2
P088,P278,16,1.68,0,1,0,3
P074,P247,5,1.5,0,0,0,37
P012,P295,5,0.8,0,0,0,2
P053,P280,16,1.14,0,0,0,19
P177,P187,7,1.59,0,0,0,0
P085,P098,15,1.37,0,0,0,3
P134,P219,140,0.94,0,0,0,45
P017,P029,0,0.0,0,0,1,0
P019,P240,36,1.03,0,0,0,5
P021,P085,0,0.0,0,0,1,0
P066,P165,90,1.01,0,0,0,28
P089,P239,12,1.07,0,0,0,9
P080,P170,0,0.0,0,0,1,0
P092,P167,11,1.08,2,0,0,12
P052,P232,8,2.21,0,1,0,2
P151,P158,49,0.94,0,0,0,21
P099,P248,7,1.1,0,0,0,2
P011,P189,24,0.91,0,1,0,11
P038,P061,6,1.81,0,0,0,40
P062,P237,7,2.01,0,0,0,1
P052,P118,6,0.82,0,0,0,5
P039,P045,14,1.14,0,3,0,1
P004,P075,52,0.94,0,0,0,16
P006,P191,7,1.61,0,0,0,1
P091,P203,17,0.64,0,0,0,4
P012,P138,26,1.18,0,0,0,14
P194,P215,0,0.0,0,0,1,0
P070,P074,6,0.85,0,0,0,7
P052,P143,7,1.37,0,2,0,4
P150,P261,34,0.9,2,0,0,15
P208,P283,8,0.84,0,0,0,3
P193,P269,22,1.09,0,0,0,5
P026,P278,18,1.16,0,2,0,3
P165,P175,27,1.14,0,0,0,17
P088,P186,14,1.23,0,0,0,5
P053,P282,7,1.17,0,1,0,8
P041,P277,10,1.75,0,0,0,3
P056,P065,6,2.08,1,0,0,1
P119,P192,0,0.0,0,0,1,0
P129,P192,39,1.25,0,0,0,11
P128,P275,12,0.83,0,0,0,6
P029,P179,11,1.0,0,1,0,15
P193,P246,0,0.0,0,0,1,0
P233,P239,10,1.13,5,0,0,8
P078,P170,249,0.98,0,0,0,56
P011,P064,23,0.92,0,1,0,4
P148,P198,87,0.96,0,0,0,0
P107,P184,5,0.06,0,0,0,0
P025,P211,0,0.0,0,0,1,0
P048,P145,20,1.06,4,0,0,7
P003,P201,6,0.73,0,0,0,6
P024,P248,0,0.0,0,0,1,0
P246,P273,28,0.91,1,0,0,8
P061,P129,0,0.0,0,0,1,0
P212,P273,40,1.0,0,0,0,10
P016,P059,6,1.12,0,0,0,1
P121,P163,6,1.57,0,0,0,0
P092,P190,0,0.0,0,0,1,0
P121,P242,21,1.09,3,0,0,8
P031,P292,13,1.29,1,0,0,10
P082,P145,22,1.28,1,0,0,9
P019,P139,21,0.95,0,0,0,4
P265,P292,8,0.6,1,0,0,9
P077,P178,0,0.0,0,0,1,0
P065,P276,21,1.09,0,0,0,29
P040,P261,18,0.85,0,0,0,6
P025,P086,0,0.0,0,0,1,0
P047,P285,6,0.71,0,0,0,6
P073,P291,24,1.13,1,0,0,16
P103,P125,6,0.89,0,0,0,0
P150,P249,0,0.0,0,0,1,0
P149,P176,0,0.0,0,0,1,0
P171,P230,10,0.81,0,0,0,6
P018,P240,0,0.0,0,0,1,0
P043,P247,1,1.01,0,0,1,6
P085,P144,5,0.86,0,0,0,2
P013,P148,9,0.82,0,0,0,6
P012,P257,28,1.13,0,0,0,16
P034,P061,4,1.88,0,0,1,50
P056,P193,15,0.99,0,0,0,3
P026,P186,18,0.97,0,0,0,5
P131,P151,127,1.18,0,0,0,35
P166,P273,29,0.9,0,0,0,8
P051,P085,5,1.96,0,0,0,0
P134,P241,36,0.92,0,0,0,12
P224,P261,30,0.88,0,0,0,10
P155,P181,8,1.84,0,0,0,4
P090,P130,18,0.98,0,0,0,5
P079,P193,22,1.17,0,0,0,9
P155,P167,13,1.11,0,0,0,6
P046,P230,5,1.42,0,0,0,38
P084,P113,6,1.73,0,0,0,5
P122,P134,256,1.01,0,0,0,96
P047,P129,13,1.08,0,0,0,5
P037,P238,5,2.04,0,0,0,2
P013,P059,8,1.1,0,0,0,5
P215,P244,0,0.0,0,0,1,0
P050,P236,10,1.0,0,0,0,9
P104,P169,0,0.0,0,0,1,0
P043,P053,12,2.04,0,0,0,3
P118,P230,23,1.16,0,0,0,10
P086,P254,131,0.95,0,0,0,55
P194,P219,57,0.93,0,0,0,18
P220,P251,56,0.95,1,0,0,11
P003,P265,11,0.91,0,0,0,8
P120,P193,7,0.85,0,0,0,55
P005,P287,13,1.0,0,1,0,9
P077,P283,11,1.76,0,0,0,3
P110,P142,0,0.0,0,0,1,0
P003,P272,95,0.96,0,0,0,26
P126,P261,29,0.96,2,0,0,4
P036,P056,10,1.62,0,0,0,3
P142,P143,6,0.68,0,0,0,5
P102,P150,0,0.0,0,0,1,0
P004,P218,89,0.96,0,0,0,23
P125,P141,15,0.93,3,0,0,9
P193,P247,14,1.18,0,0,0,78
P088,P270,9,0.92,0,0,0,5
P247,P266,0,0.0,0,0,1,0
P276,P280,21,1.06,0,0,0,28
P003,P183,11,0.8,0,0,0,10
P174,P180,7,1.19,0,0,0,5
P215,P231,0,0.0,0,0,1,0
P029,P057,0,0.0,0,0,1,0
P074,P193,121,1.06,0,0,0,45
P007,P011,170,1.0,0,0,0,46
P160,P285,16,2.11,0,0,0,6
P022,P198,107,1.0,0,0,0,4
P097,P113,7,1.18,0,0,0,6
P038,P246,11,0.89,0,1,0,5
P022,P213,6,0.92,0,0,0,4
P024,P112,22,1.11,0,0,0,3
P003,P097,13,1.16,0,0,0,8
P050,P122,46,1.1,0,0,0,15
P214,P284,13,1.14,0,1,0,4
P219,P236,23,0.75,0,0,0,21
P134,P196,14,1.0,0,0,0,73
P005,P128,14,1.04,0,1,0,6
P068,P112,23,1.07,0,0,0,13
P091,P181,19,1.0,0,2,0,19
P080,P230,8,0.86,2,0,0,6
P294,P297,10,1.02,0,1,0,1
P004,P064,0,0.0,0,0,1,0
P055,P199,12,0.76,0,0,0,9
P143,P156,5,0.68,0,0,0,0
P061,P245,0,0.0,0,0,1,0
P122,P133,15,1.25,0,0,0,7
P091,P252,10,1.06,0,0,0,6
P083,P145,43,1.11,0,0,0,18
P175,P209,32,0.78,0,0,0,25
P078,P255,10,1.55,0,0,0,4
P174,P281,7,0.92,0,1,0,4
P091,P092,12,1.14,0,0,0,9
P097,P237,0,0.0,0,0,1,0
P027,P028,0,0.0,0,0,1,0
P272,P292,110,1.01,0,0,0,46
P039,P268,25,1.09,0,0,0,7
P151,P235,108,1.11,0,0,0,34
P128,P287,6,0.84,0,0,0,6
P183,P292,25,1.64,3,0,0,10
P156,P220,0,0.0,0,0,1,0
P030,P129,21,1.48,0,0,0,5
P110,P144,0,0.0,0,0,1,0
P090,P176,5,0.81,0,2,0,1
P040,P120,0,0.0,0,0,1,0
P199,P272,30,0.92,1,0,0,9
P016,P203,7,1.38,0,0,0,0
P087,P277,0,0.0,0,0,1,0
P004,P164,14,1.07,0,2,0,1
P179,P199,5,1.24,0,0,0,5
P141,P293,14,0.83,0,0,0,27
P059,P203,92,6.59,202,0,1,378
P068,P165,0,0.0,0,0,1,0
P092,P148,10,1.2,0,0,0,4
P003,P029,33,1.22,0,0,0,19
P170,P246,54,1.05,0,0,0,8
P004,P243,118,0.98,0,0,0,24
P018,P122,9,0.94,1,0,0,3
P102,P274,8,1.25,0,0,0,6
P100,P124,0,0.0,0,0,1,0
P083,P282,0,0.0,0,0,1,0
P035,P082,15,1.23,0,3,0,10
P066,P192,70,1.04,0,0,0,15
P088,P105,26,1.05,0,4,0,15
P053,P276,13,0.74,0,0,0,32
P236,P241,6,0.74,0,3,0,5
P055,P113,26,1.03,0,0,0,22
P110,P248,5,0.81,0,0,0,1
P107,P137,5,0.78,0,1,0,5
P180,P288,17,0.88,0,0,0,7
P093,P213,8,1.36,0,0,0,3
P086,P191,17,0.76,0,2,0,5
P164,P218,35,0.94,2,0,0,10
P273,P300,13,1.03,0,0,0,2
P175,P210,5,1.18,0,0,0,2
P034,P246,7,0.89,0,0,0,8
P033,P184,76,0.88,1,0,0,17
P140,P242,14,1.18,1,0,0,1
P025,P193,0,0.0,0,0,1,0
P265,P272,44,1.11,1,0,0,11
P191,P254,30,0.93,0,0,0,5
P036,P276,42,1.02,0,0,0,63
P029,P262,0,0.0,0,0,1,0
P035,P248,0,0.0,0,0,1,0
P089,P261,84,1.04,0,0,0,19
P146,P263,0,0.0,0,0,1,0
P125,P293,67,0.89,2,0,0,8
P043,P074,11,1.16,4,0,0,6
P108,P284,13,1.33,0,0,0,3
P148,P181,15,1.0,0,3,0,9
P019,P153,6,0.81,0,0,0,1
P035,P083,27,0.98,0,0,0,16
P013,P203,7,1.02,0,0,0,1
P073,P112,8,0.76,0,0,0,9
P184,P261,5,0.0,0,0,0,0
P124,P130,0,0.0,0,0,1,0
P148,P167,32,0.78,0,0,0,17
P081,P211,0,0.0,0,0,1,0
P215,P236,0,0.0,0,0,1,0
P212,P246,5,1.25,0,0,0,3
P103,P293,6,0.84,0,0,0,2
P070,P276,8,1.29,0,0,0,7
P100,P246,7,1.78,0,0,0,4
P139,P211,7,0.74,0,0,0,2
P209,P285,35,0.7,0,0,0,34
P081,P086,0,0.0,0,0,1,0
P152,P203,93,5.85,0,187,1,383
P028,P214,31,0.81,0,0,0,26
P093,P203,16,0.72,0,0,0,4
P038,P212,9,0.56,0,0,0,9
P239,P261,96,0.98,0,0,0,25
P233,P261,62,0.98,6,0,0,8
P189,P283,5,1.23,0,0,0,2
P076,P197,35,1.04,1,0,0,9
P223,P292,7,0.89,0,0,0,6
P033,P098,25,0.96,2,0,0,9
P050,P219,31,1.27,0,0,0,10
P047,P162,7,1.16,0,0,0,6
P004,P239,0,0.0,0,0,1,0
P156,P230,56,1.12,0,0,0,2
P065,P280,16,1.04,0,0,0,18
P084,P219,0,0.0,0,0,1,0
P129,P147,0,0.0,0,0,1,0
P034,P078,32,0.82,0,0,0,44
P071,P117,10,2.27,0,0,0,1
P080,P276,0,0.0,0,0,1,0
P046,P297,0,0.0,0,0,1,0
P164,P243,44,0.9,1,0,0,11
P118,P192,0,0.0,0,0,1,0
P027,P036,5,0.19,0,0,0,5
P174,P267,6,1.85,0,0,0,30
P211,P240,11,0.74,0,0,0,5
P182,P254,23,0.91,0,0,0,6
P122,P194,105,1.01,0,0,0,23
P036,P146,5,0.95,0,0,0,3
P091,P200,19,1.03,0,0,0,14
P130,P172,11,1.72,0,0,0,5
P196,P260,0,0.0,0,0,1,0
P156,P225,0,0.0,0,0,1,0
P150,P297,0,0.0,0,0,1,0
P012,P154,12,0.8,0,0,0,12
P066,P285,117,1.0,0,0,0,51
P186,P278,5,2.02,0,0,0,1
P139,P240,70,1.0,0,0,0,21
P192,P285,15,0.69,0,0,0,14
