case_id,provider_id,specialty,pattern,verdict,reasoning,exposure_amount,recovered_amount,opened_date,closed_date
INV040,P040,Internal Medicine,upcoding,confirmed,Share of level 4-5 visits rose far above specialty peers. Sampled charts supported level 3 at most.,8236.1,7230.57,2025-01-13,2025-02-22
INV013,P117,Behavioral Health,excessive_utilization,cleared,"Volume far above peers, but provider is a regional referral centre or runs a documented high-intensity program. Services were supported by orders and notes.",22381.47,0.0,2025-01-08,2025-03-03
INV003,P298,Family Medicine,upcoding,confirmed,Share of level 4-5 visits rose far above specialty peers. Sampled charts supported level 3 at most.,41475.74,16802.94,2025-02-16,2025-03-08
INV016,P194,Ambulance,impossible_timing,cleared,Second-site claims were telehealth visits billed with the wrong place of service. Provider corrected the claims.,7472.29,0.0,2025-02-12,2025-03-24
INV006,P001,Family Medicine,impossible_timing,inconclusive,Records request only partially fulfilled. Evidence insufficient to confirm or clear. Provider placed on monitoring.,91633.09,0.0,2025-03-08,2025-03-30
INV002,P219,Internal Medicine,impossible_timing,confirmed,Services billed at two sites over 150 km apart within minutes. Provider was physically present at only one; second-site services were not rendered as billed.,4948.27,2662.76,2025-01-19,2025-04-01
INV025,P265,Family Medicine,excessive_utilization,cleared,"Volume far above peers, but provider is a regional referral centre or runs a documented high-intensity program. Services were supported by orders and notes.",22941.31,0.0,2025-02-10,2025-04-01
INV017,P058,Internal Medicine,duplicate_billing,cleared,Repeat claims were corrected resubmissions after a clearinghouse rejection; the originals were never paid.,17108.96,0.0,2025-02-28,2025-04-02
INV014,P244,DME Supplier,impossible_timing,cleared,Second-site claims were telehealth visits billed with the wrong place of service. Provider corrected the claims.,3790.85,0.0,2025-03-03,2025-04-07
INV034,P174,Family Medicine,excessive_utilization,inconclusive,Records request only partially fulfilled. Evidence insufficient to confirm or clear. Provider placed on monitoring.,41090.95,0.0,2025-02-26,2025-04-20
INV021,P190,Internal Medicine,impossible_timing,cleared,Second-site claims were telehealth visits billed with the wrong place of service. Provider corrected the claims.,5158.97,0.0,2025-04-02,2025-05-13
INV005,P263,DME Supplier,collusive_ring,confirmed,Commonly owned providers cross-referred the same small member group with no clinical rationale in the records. Referred services lacked orders.,43147.83,35834.91,2025-04-07,2025-05-20
INV024,P271,Behavioral Health,duplicate_billing,cleared,Repeat claims were corrected resubmissions after a clearinghouse rejection; the originals were never paid.,37581.65,0.0,2025-04-03,2025-05-24
INV035,P119,Cardiology,upcoding,inconclusive,Records request only partially fulfilled. Evidence insufficient to confirm or clear. Provider placed on monitoring.,37516.85,0.0,2025-04-20,2025-05-24
INV008,P220,Physical Therapy,duplicate_billing,inconclusive,Records request only partially fulfilled. Evidence insufficient to confirm or clear. Provider placed on monitoring.,16148.45,0.0,2025-04-12,2025-06-10
INV029,P195,DME Supplier,duplicate_billing,cleared,Repeat claims were corrected resubmissions after a clearinghouse rejection; the originals were never paid.,5016.99,0.0,2025-05-22,2025-06-18
INV007,P221,Family Medicine,duplicate_billing,inconclusive,Records request only partially fulfilled. Evidence insufficient to confirm or clear. Provider placed on monitoring.,15170.89,0.0,2025-05-07,2025-06-19
INV020,P037,Internal Medicine,duplicate_billing,cleared,Repeat claims were corrected resubmissions after a clearinghouse rejection; the originals were never paid.,14663.44,0.0,2025-05-22,2025-06-22
INV032,P021,Behavioral Health,duplicate_billing,inconclusive,Records request only partially fulfilled. Evidence insufficient to confirm or clear. Provider placed on monitoring.,39814.04,0.0,2025-06-13,2025-07-04
INV015,P026,DME Supplier,impossible_timing,cleared,Second-site claims were telehealth visits billed with the wrong place of service. Provider corrected the claims.,37006.94,0.0,2025-05-14,2025-07-07
INV023,P294,Internal Medicine,duplicate_billing,cleared,Repeat claims were corrected resubmissions after a clearinghouse rejection; the originals were never paid.,12446.25,0.0,2025-05-10,2025-07-10
INV030,P122,DME Supplier,impossible_timing,cleared,Second-site claims were telehealth visits billed with the wrong place of service. Provider corrected the claims.,32697.69,0.0,2025-05-15,2025-07-11
INV028,P067,Home Health,excessive_utilization,cleared,"Volume far above peers, but provider is a regional referral centre or runs a documented high-intensity program. Services were supported by orders and notes.",16052.22,0.0,2025-05-16,2025-07-12
INV012,P116,Physical Therapy,excessive_utilization,cleared,"Volume far above peers, but provider is a regional referral centre or runs a documented high-intensity program. Services were supported by orders and notes.",12610.26,0.0,2025-06-10,2025-07-24
INV038,P057,Behavioral Health,excessive_utilization,confirmed,Visits per member far above peers and not supported by plans of care. Services exceeded medical necessity.,10608.64,6339.12,2025-06-10,2025-07-28
INV001,P210,Laboratory,unbundling,confirmed,Component panel billed alongside the comprehensive panel for the same draw. Bundling edit applies; overpayment recovered.,10808.31,4873.61,2025-06-10,2025-08-05
INV011,P136,Cardiology,excessive_utilization,cleared,"Volume far above peers, but provider is a regional referral centre or runs a documented high-intensity program. Services were supported by orders and notes.",66344.58,0.0,2025-06-02,2025-08-13
INV033,P256,Behavioral Health,impossible_timing,inconclusive,Records request only partially fulfilled. Evidence insufficient to confirm or clear. Provider placed on monitoring.,33157.98,0.0,2025-07-19,2025-08-21
INV019,P155,Family Medicine,upcoding,cleared,"High visit levels explained by a documented complex, multi-condition patient panel. Sampled charts supported the levels billed.",9496.66,0.0,2025-06-26,2025-08-30
INV027,P113,Family Medicine,excessive_utilization,cleared,"Volume far above peers, but provider is a regional referral centre or runs a documented high-intensity program. Services were supported by orders and notes.",5869.73,0.0,2025-06-25,2025-08-30
INV037,P142,Internal Medicine,impossible_timing,inconclusive,Records request only partially fulfilled. Evidence insufficient to confirm or clear. Provider placed on monitoring.,22529.58,0.0,2025-07-23,2025-09-02
INV026,P266,Internal Medicine,duplicate_billing,cleared,Repeat claims were corrected resubmissions after a clearinghouse rejection; the originals were never paid.,47667.09,0.0,2025-07-29,2025-09-10
INV004,P055,Cardiology,collusive_ring,confirmed,Commonly owned providers cross-referred the same small member group with no clinical rationale in the records. Referred services lacked orders.,65387.43,39617.16,2025-08-22,2025-10-05
INV018,P007,Behavioral Health,excessive_utilization,cleared,"Volume far above peers, but provider is a regional referral centre or runs a documented high-intensity program. Services were supported by orders and notes.",1451.93,0.0,2025-08-31,2025-10-10
INV036,P093,Cardiology,upcoding,inconclusive,Records request only partially fulfilled. Evidence insufficient to confirm or clear. Provider placed on monitoring.,17198.29,0.0,2025-09-15,2025-10-13
INV009,P134,Cardiology,excessive_utilization,cleared,"Volume far above peers, but provider is a regional referral centre or runs a documented high-intensity program. Services were supported by orders and notes.",4283.83,0.0,2025-09-11,2025-10-21
INV039,P076,Laboratory,impossible_timing,confirmed,Services billed at two sites over 150 km apart within minutes. Provider was physically present at only one; second-site services were not rendered as billed.,8056.09,6053.93,2025-08-19,2025-10-24
INV022,P216,Family Medicine,duplicate_billing,cleared,Repeat claims were corrected resubmissions after a clearinghouse rejection; the originals were never paid.,6188.75,0.0,2025-09-21,2025-11-01
INV010,P131,Cardiology,excessive_utilization,cleared,"Volume far above peers, but provider is a regional referral centre or runs a documented high-intensity program. Services were supported by orders and notes.",7233.05,0.0,2025-09-06,2025-11-02
INV031,P049,Cardiology,upcoding,cleared,"High visit levels explained by a documented complex, multi-condition patient panel. Sampled charts supported the levels billed.",21523.12,0.0,2025-09-09,2025-11-21
