claim_id,injected_pattern
C013270,upcoding
C013361,duplicate_billing
C013392,upcoding
C013396,impossible_timing
C013400,impossible_timing
C013785,impossible_timing
C013807,impossible_timing
C014241,impossible_timing
C014262,impossible_timing
C015837,duplicate_billing
C015838,duplicate_billing
C016720,duplicate_billing
C016828,duplicate_billing
C017018,upcoding
C017653,duplicate_billing
C018353,duplicate_billing
C020274,duplicate_billing
C020357,upcoding
C020548,upcoding
C020765,impossible_timing
C020779,impossible_timing
C021102,unbundling
C021133,duplicate_billing
C021137,duplicate_billing
C021284,impossible_timing
C021297,impossible_timing
C021512,unbundling
C021569,upcoding
C021723,duplicate_billing
C021724,duplicate_billing
C022164,impossible_timing
C022170,impossible_timing
C022218,upcoding
C022362,upcoding
C022589,unbundling
C022683,impossible_timing
C022690,impossible_timing
C022693,duplicate_billing
C023061,upcoding
C023085,upcoding
C023129,impossible_timing
C023139,impossible_timing
C023298,upcoding
C023312,impossible_timing
C023317,impossible_timing
C023347,impossible_timing
C023368,impossible_timing
C023395,impossible_timing
C023418,impossible_timing
C023467,duplicate_billing
C023479,upcoding
C023500,impossible_timing
C023505,impossible_timing
C023518,impossible_timing
C023534,impossible_timing
C023567,upcoding
C023627,impossible_timing
C023641,impossible_timing
C023667,duplicate_billing
C024197,impossible_timing
C024205,impossible_timing
C024252,impossible_timing
C024264,impossible_timing
C024732,impossible_timing
C024752,impossible_timing
C024870,impossible_timing
C024877,impossible_timing
C024939,impossible_timing
C024948,impossible_timing
C025020,upcoding
C025042,impossible_timing
C025065,impossible_timing
C025203,duplicate_billing
C025417,upcoding
C025498,duplicate_billing
C025525,upcoding
C025546,duplicate_billing
C026099,upcoding
C026315,unbundling
C026316,upcoding
C026367,duplicate_billing
C026404,unbundling
C026476,upcoding
C026511,unbundling
C026529,upcoding
C026687,duplicate_billing
C026832,upcoding
C026936,upcoding
C027104,upcoding
C027240,upcoding
C027386,duplicate_billing
C027565,unbundling
C027574,upcoding
C027599,duplicate_billing
C027729,duplicate_billing
C027753,duplicate_billing
C027881,unbundling
C027910,unbundling
C028021,upcoding
C028115,unbundling
C028198,duplicate_billing
C028421,impossible_timing
C028432,impossible_timing
C028635,upcoding
C028771,unbundling
C028783,impossible_timing
C028794,impossible_timing
C028916,duplicate_billing
C029221,upcoding
C029228,upcoding
C029322,duplicate_billing
C029338,upcoding
C029351,upcoding
C029354,upcoding
C029389,duplicate_billing
C029472,upcoding
C029614,duplicate_billing
C029646,impossible_timing
C029657,impossible_timing
C029692,impossible_timing
C029706,impossible_timing
C029712,duplicate_billing
C029752,impossible_timing
C029762,impossible_timing
C029834,impossible_timing
C029847,impossible_timing
C029996,unbundling
C030069,upcoding
C030132,duplicate_billing
C030194,impossible_timing
C030211,impossible_timing
C030338,duplicate_billing
C030340,upcoding
C030445,duplicate_billing
C030446,impossible_timing
C030447,duplicate_billing
C030465,impossible_timing
C030488,upcoding
C030495,duplicate_billing
C030509,upcoding
C030526,impossible_timing
C030535,impossible_timing
C031081,duplicate_billing
C031120,impossible_timing
C031142,impossible_timing
C031416,duplicate_billing
C031434,unbundling
C031450,unbundling
C031536,impossible_timing
C031540,impossible_timing
C031662,upcoding
C031703,duplicate_billing
C031910,impossible_timing
C031914,impossible_timing
C032009,unbundling
C032097,duplicate_billing
C032111,collusive_ring
C032128,collusive_ring
C032159,collusive_ring
C032182,collusive_ring
C032277,collusive_ring
C032334,upcoding
C032363,collusive_ring
C032366,duplicate_billing
C032446,collusive_ring
C032472,collusive_ring
C032487,collusive_ring
C032502,collusive_ring
C032604,unbundling
C032608,collusive_ring
C032632,upcoding
C032642,collusive_ring
C032657,collusive_ring
C032673,collusive_ring
C032681,collusive_ring
C032711,impossible_timing
C032713,collusive_ring
C032717,impossible_timing
C032745,collusive_ring
C032845,upcoding
C032866,collusive_ring
C032884,collusive_ring
C032931,collusive_ring
C032956,collusive_ring
C032965,duplicate_billing
C032999,collusive_ring
C033041,collusive_ring
C033065,duplicate_billing
C033084,collusive_ring
C033092,collusive_ring
C033139,duplicate_billing
C033172,collusive_ring
C033335,unbundling
C033360,upcoding
C033393,collusive_ring
C033419,upcoding
C033430,collusive_ring
C033463,collusive_ring
C033482,duplicate_billing
C033508,collusive_ring
C033519,collusive_ring
C033522,collusive_ring
C033580,duplicate_billing
C033629,collusive_ring
C033753,collusive_ring
C033769,collusive_ring
C033776,collusive_ring
C033796,collusive_ring
C033812,duplicate_billing
C033887,collusive_ring
C033890,collusive_ring
C033928,collusive_ring
C034055,collusive_ring
C034076,collusive_ring
C034078,upcoding
C034097,collusive_ring
C034115,duplicate_billing
C034123,collusive_ring
C034180,duplicate_billing
C034225,duplicate_billing
C034242,collusive_ring
C034258,collusive_ring
C034283,collusive_ring
C034293,collusive_ring
C034294,upcoding
C034348,collusive_ring
C034389,collusive_ring
C034390,collusive_ring
C034491,collusive_ring
C034495,collusive_ring
C034522,collusive_ring
C034546,collusive_ring
C034559,collusive_ring
C034567,impossible_timing
C034576,impossible_timing
C034638,collusive_ring
C034649,collusive_ring
C034654,collusive_ring
C034686,collusive_ring
C034707,collusive_ring
C034742,collusive_ring
C034853,upcoding
C034894,impossible_timing
C034899,collusive_ring
C034904,unbundling
C034909,collusive_ring
C034911,impossible_timing
C034983,upcoding
C034997,collusive_ring
C035001,collusive_ring
C035121,duplicate_billing
C035153,collusive_ring
C035203,upcoding
C035205,duplicate_billing
C035213,collusive_ring
C035218,collusive_ring
C035224,upcoding
C035296,upcoding
C035327,collusive_ring
C035345,collusive_ring
C035346,collusive_ring
C035348,collusive_ring
C035361,collusive_ring
C035365,impossible_timing
C035376,impossible_timing
C035380,collusive_ring
C035403,collusive_ring
C035443,collusive_ring
C035465,collusive_ring
C035494,upcoding
C035503,collusive_ring
C035590,collusive_ring
C035705,collusive_ring
C035726,duplicate_billing
C035763,impossible_timing
C035776,impossible_timing
C035823,collusive_ring
C035918,collusive_ring
C035924,collusive_ring
C036016,collusive_ring
C036033,duplicate_billing
C036036,duplicate_billing
C036045,collusive_ring
C036051,collusive_ring
C036061,duplicate_billing
C036076,collusive_ring
C036121,upcoding
C036135,collusive_ring
C036245,duplicate_billing
C036264,collusive_ring
C036312,duplicate_billing
C036336,collusive_ring
C036390,collusive_ring
C036402,collusive_ring
C036478,collusive_ring
C036499,collusive_ring
C036517,collusive_ring
C036539,unbundling
C036549,collusive_ring
C036563,duplicate_billing
C036578,collusive_ring
C036604,collusive_ring
C036626,duplicate_billing
C036627,duplicate_billing
C036628,duplicate_billing
C036646,collusive_ring
C036661,unbundling
C036689,collusive_ring
C036770,collusive_ring
C036797,collusive_ring
C036805,collusive_ring
C036826,unbundling
C037004,collusive_ring
C037034,collusive_ring
C037046,collusive_ring
C037062,collusive_ring
C037122,upcoding
C037187,collusive_ring
C037196,collusive_ring
C037211,unbundling
C037231,collusive_ring
C037233,collusive_ring
C037273,collusive_ring
C037276,collusive_ring
C037331,collusive_ring
C037344,collusive_ring
C037392,duplicate_billing
C037401,collusive_ring
C037489,collusive_ring
C037496,collusive_ring
C037502,unbundling
C037564,collusive_ring
C037586,collusive_ring
C037678,upcoding
C037701,collusive_ring
C037706,collusive_ring
C037725,collusive_ring
C037731,collusive_ring
C037821,collusive_ring
C037832,collusive_ring
C037861,collusive_ring
C037865,unbundling
C037880,collusive_ring
C037913,collusive_ring
C037949,collusive_ring
C037956,upcoding
C037957,duplicate_billing
C037985,collusive_ring
C038001,collusive_ring
C038015,collusive_ring
C038075,collusive_ring
C038080,collusive_ring
C038090,collusive_ring
C038148,duplicate_billing
C038149,duplicate_billing
C038163,collusive_ring
C038170,collusive_ring
C038209,collusive_ring
C038214,collusive_ring
C038311,collusive_ring
C038341,collusive_ring
C038361,unbundling
C038375,unbundling
C038435,collusive_ring
C038476,impossible_timing
C038487,impossible_timing
C038557,collusive_ring
C038584,collusive_ring
C038597,collusive_ring
C038647,impossible_timing
C038653,impossible_timing
C038701,collusive_ring
C038736,collusive_ring
C038740,collusive_ring
C038751,collusive_ring
C038752,collusive_ring
C038769,unbundling
C038780,collusive_ring
C038798,collusive_ring
C038812,upcoding
C038824,upcoding
C038845,collusive_ring
C038859,collusive_ring
C038901,collusive_ring
C038907,collusive_ring
C038926,collusive_ring
C038963,collusive_ring
C038981,collusive_ring
C038989,collusive_ring
C039014,collusive_ring
C039077,duplicate_billing
C039089,collusive_ring
C039150,unbundling
C039151,collusive_ring
C039159,collusive_ring
C039178,collusive_ring
C039212,collusive_ring
C039214,unbundling
C039232,collusive_ring
C039234,collusive_ring
C039238,collusive_ring
C039248,collusive_ring
C039249,collusive_ring
C039269,collusive_ring
C039279,collusive_ring
C039311,collusive_ring
C039320,collusive_ring
C039336,collusive_ring
C039348,collusive_ring
C039363,collusive_ring
C039384,collusive_ring
C039452,duplicate_billing
C039457,collusive_ring
C039470,upcoding
C039478,collusive_ring
C039482,collusive_ring
C039489,collusive_ring
C039491,collusive_ring
C039548,collusive_ring
C039558,unbundling
C039560,collusive_ring
C039568,collusive_ring
C039569,collusive_ring
C039575,upcoding
C039648,duplicate_billing
C039657,collusive_ring
C039723,collusive_ring
C039726,duplicate_billing
C039763,duplicate_billing
C039776,collusive_ring
C039777,collusive_ring
C039818,collusive_ring
C039863,duplicate_billing
C039864,collusive_ring
C039866,duplicate_billing
C039895,collusive_ring
C039957,duplicate_billing
C039960,collusive_ring
C039972,collusive_ring
C039976,collusive_ring
C039990,collusive_ring
C039992,collusive_ring
C040024,collusive_ring
C040029,collusive_ring
C040075,collusive_ring
C040092,duplicate_billing
C040150,collusive_ring
C040166,collusive_ring
C040193,unbundling
C040225,collusive_ring
C040236,collusive_ring
C040244,collusive_ring
C040396,collusive_ring
C040407,duplicate_billing
C040429,collusive_ring
C040465,collusive_ring
C040507,collusive_ring
C040568,collusive_ring
C040569,collusive_ring
C040597,collusive_ring
C040602,collusive_ring
C040661,collusive_ring
C040672,collusive_ring
C040673,collusive_ring
C040684,collusive_ring
C040686,unbundling
C040707,duplicate_billing
C040710,collusive_ring
C040730,unbundling
C040743,collusive_ring
C040781,collusive_ring
C040801,duplicate_billing
C040830,duplicate_billing
C040837,upcoding
C040842,collusive_ring
C040854,unbundling
C040863,collusive_ring
C040881,collusive_ring
C040892,collusive_ring
C040918,upcoding
C040930,collusive_ring
C040988,duplicate_billing
C041004,duplicate_billing
C041029,collusive_ring
C041040,upcoding
C041071,collusive_ring
C041086,collusive_ring
C041193,collusive_ring
C041206,collusive_ring
C041212,collusive_ring
C041250,collusive_ring
C041360,upcoding
C041368,collusive_ring
C041378,collusive_ring
C041412,upcoding
C041436,collusive_ring
C041444,collusive_ring
C041450,collusive_ring
C041456,collusive_ring
C041478,collusive_ring
C041480,duplicate_billing
C041493,upcoding
C041503,collusive_ring
C041508,collusive_ring
C041538,collusive_ring
C041561,duplicate_billing
C041594,collusive_ring
C041606,collusive_ring
C041650,collusive_ring
C041660,duplicate_billing
C041685,collusive_ring
C041766,duplicate_billing
C041846,duplicate_billing
C041884,collusive_ring
C041944,collusive_ring
C041962,collusive_ring
C041981,impossible_timing
C041986,impossible_timing
C042115,collusive_ring
C042120,collusive_ring
C042173,collusive_ring
C042181,duplicate_billing
C042190,upcoding
C042193,collusive_ring
C042204,collusive_ring
C042225,collusive_ring
C042228,collusive_ring
C042236,collusive_ring
C042253,collusive_ring
C042257,collusive_ring
C042260,collusive_ring
C042272,collusive_ring
C042274,collusive_ring
C042283,collusive_ring
C042298,collusive_ring
C042300,collusive_ring
C042305,collusive_ring
C042345,collusive_ring
C042415,collusive_ring
C042423,collusive_ring
C042472,collusive_ring
C042479,collusive_ring
C042482,collusive_ring
C042489,impossible_timing
C042491,impossible_timing
C042596,unbundling
C042619,collusive_ring
C042642,collusive_ring
C042674,collusive_ring
C042690,collusive_ring
C042750,collusive_ring
C042828,collusive_ring
C042837,collusive_ring
C042841,collusive_ring
C042858,collusive_ring
C042865,duplicate_billing
C042866,collusive_ring
C042878,collusive_ring
C042918,collusive_ring
C042944,collusive_ring
C042947,collusive_ring
C043025,collusive_ring
C043037,collusive_ring
C043040,collusive_ring
C043050,collusive_ring
C043080,impossible_timing
C043088,impossible_timing
C043099,collusive_ring
C043154,collusive_ring
C043161,duplicate_billing
C043162,duplicate_billing
C043196,collusive_ring
C043239,upcoding
C043278,collusive_ring
C043290,collusive_ring
C043295,collusive_ring
C043300,collusive_ring
C043309,collusive_ring
C043341,collusive_ring
C043380,collusive_ring
C043424,collusive_ring
C043427,collusive_ring
C043449,collusive_ring
C043482,collusive_ring
C043491,collusive_ring
C043492,collusive_ring
C043512,collusive_ring
C043531,collusive_ring
C043583,collusive_ring
C043619,collusive_ring
C043622,impossible_timing
C043629,impossible_timing
C043630,collusive_ring
C043648,collusive_ring
C043652,collusive_ring
C043668,collusive_ring
C043706,collusive_ring
C043709,duplicate_billing
C043762,collusive_ring
C043834,collusive_ring
C043844,collusive_ring
C043857,impossible_timing
C043861,collusive_ring
C043868,impossible_timing
C043880,collusive_ring
C043884,collusive_ring
C043892,collusive_ring
C043914,collusive_ring
C043916,collusive_ring
C043970,collusive_ring
C044010,collusive_ring
C044032,collusive_ring
C044042,collusive_ring
C044087,collusive_ring
C044111,upcoding
C044121,collusive_ring
C044132,collusive_ring
C044166,collusive_ring
C044170,collusive_ring
C044171,collusive_ring
C044245,duplicate_billing
C044275,collusive_ring
C044292,collusive_ring
C044364,collusive_ring
C044368,collusive_ring
C044390,duplicate_billing
C044392,collusive_ring
C044411,collusive_ring
C044477,collusive_ring
C044485,collusive_ring
C044599,collusive_ring
C044600,collusive_ring
C044621,duplicate_billing
C044622,impossible_timing
C044640,impossible_timing
C044642,collusive_ring
C044679,unbundling
C044690,collusive_ring
C044719,collusive_ring
C044739,collusive_ring
C044760,collusive_ring
C044763,collusive_ring
C044797,collusive_ring
C044866,duplicate_billing
C044876,collusive_ring
C044892,upcoding
C044913,collusive_ring
C044936,impossible_timing
C044948,impossible_timing
C044956,collusive_ring
C045051,collusive_ring
C045061,collusive_ring
C045107,unbundling
C045113,collusive_ring
C045128,upcoding
C045132,collusive_ring
C045136,upcoding
C045169,collusive_ring
C045221,unbundling
C045282,collusive_ring
C045301,impossible_timing
C045309,impossible_timing
C045317,collusive_ring
C045322,collusive_ring
C045388,impossible_timing
C045391,upcoding
C045400,impossible_timing
C045409,impossible_timing
C045410,impossible_timing
C045431,duplicate_billing
C045437,upcoding
C045443,collusive_ring
C045464,upcoding
C045495,collusive_ring
C045536,collusive_ring
C045540,collusive_ring
C045548,collusive_ring
C045580,duplicate_billing
C045600,unbundling
C045625,duplicate_billing
C045626,impossible_timing
C045633,impossible_timing
C045651,collusive_ring
C045672,collusive_ring
C045687,collusive_ring
C045692,collusive_ring
C045697,collusive_ring
C045730,collusive_ring
C045758,collusive_ring
C045770,collusive_ring
C045806,collusive_ring
C045828,collusive_ring
C045853,unbundling
C045888,collusive_ring
C045928,collusive_ring
C045946,duplicate_billing
C045978,collusive_ring
C045988,collusive_ring
C046003,duplicate_billing
C046017,collusive_ring
C046018,collusive_ring
C046055,collusive_ring
C046060,collusive_ring
C046061,collusive_ring
C046122,collusive_ring
C046140,collusive_ring
C046142,collusive_ring
C046145,collusive_ring
C046150,collusive_ring
C046170,collusive_ring
C046173,upcoding
C046177,collusive_ring
C046220,collusive_ring
C046275,upcoding
C046283,collusive_ring
C046304,collusive_ring
C046343,collusive_ring
C046367,upcoding
C046368,collusive_ring
C046414,collusive_ring
C046455,collusive_ring
C046520,collusive_ring
C046522,collusive_ring
C046540,collusive_ring
C046549,collusive_ring
C046581,collusive_ring
C046588,upcoding
C046595,upcoding
C046616,impossible_timing
C046622,impossible_timing
C046627,collusive_ring
C046639,collusive_ring
C046658,collusive_ring
C046670,collusive_ring
C046683,upcoding
C046691,collusive_ring
C046714,collusive_ring
C046769,unbundling
C046774,collusive_ring
C046779,collusive_ring
C046781,collusive_ring
C046784,unbundling
C046793,collusive_ring
C046797,collusive_ring
C046802,collusive_ring
C046834,upcoding
C046839,collusive_ring
C046864,collusive_ring
C046903,collusive_ring
C046910,collusive_ring
C047015,collusive_ring
C047018,collusive_ring
C047019,duplicate_billing
C047028,collusive_ring
C047047,collusive_ring
C047100,collusive_ring
C047124,collusive_ring
C047134,collusive_ring
C047178,collusive_ring
C047180,collusive_ring
C047224,collusive_ring
C047237,collusive_ring
C047261,collusive_ring
C047288,duplicate_billing
C047304,collusive_ring
C047313,collusive_ring
C047322,collusive_ring
C047335,collusive_ring
C047348,collusive_ring
C047362,collusive_ring
C047379,duplicate_billing
C047416,collusive_ring
C047445,collusive_ring
C047500,collusive_ring
C047521,collusive_ring
C047533,collusive_ring
C047537,duplicate_billing
C047538,duplicate_billing
C047539,duplicate_billing
C047540,unbundling
C047599,collusive_ring
C047602,collusive_ring
C047604,collusive_ring
C047621,collusive_ring
C047630,collusive_ring
C047634,collusive_ring
C047653,collusive_ring
C047654,collusive_ring
C047692,collusive_ring
C047720,upcoding
C047728,collusive_ring
C047741,collusive_ring
C047758,collusive_ring
C047759,collusive_ring
C047801,collusive_ring
C047804,collusive_ring
C047805,collusive_ring
C047810,duplicate_billing
C047837,collusive_ring
C047840,collusive_ring
C047855,collusive_ring
C047886,collusive_ring
C047888,collusive_ring
C047921,collusive_ring
C047961,impossible_timing
C047969,impossible_timing
C047971,collusive_ring
C047986,collusive_ring
C048011,collusive_ring
C048024,collusive_ring
C048031,collusive_ring
C048046,collusive_ring
C048048,collusive_ring
C048084,collusive_ring
C048118,collusive_ring
C048119,duplicate_billing
C048135,duplicate_billing
C048144,collusive_ring
C048154,collusive_ring
C048161,collusive_ring
C048184,collusive_ring
C048190,collusive_ring
C048224,duplicate_billing
C048244,collusive_ring
C048265,upcoding
C048268,collusive_ring
C048289,collusive_ring
C048290,collusive_ring
C048310,collusive_ring
C048355,collusive_ring
C048356,collusive_ring
C048368,collusive_ring
C048392,collusive_ring
C048408,collusive_ring
C048412,collusive_ring
C048414,collusive_ring
C048437,collusive_ring
C048442,collusive_ring
C048457,collusive_ring
C048458,collusive_ring
C048463,impossible_timing
C048465,collusive_ring
C048478,impossible_timing
C048508,collusive_ring
C048546,collusive_ring
C048571,collusive_ring
C048573,collusive_ring
C048578,duplicate_billing
C048580,collusive_ring
C048587,upcoding
C048601,collusive_ring
C048602,duplicate_billing
C048629,collusive_ring
C048666,collusive_ring
C048667,collusive_ring
C048670,collusive_ring
C048682,collusive_ring
C048689,duplicate_billing
C048697,collusive_ring
C048719,collusive_ring
C048726,collusive_ring
C048735,collusive_ring
C048739,collusive_ring
C048755,collusive_ring
C048782,unbundling
C048803,collusive_ring
C048812,collusive_ring
C048813,collusive_ring
C048819,collusive_ring
C048830,duplicate_billing
C048836,collusive_ring
C048854,collusive_ring
C048870,collusive_ring
C048909,upcoding
C048988,collusive_ring
C048992,collusive_ring
C049021,collusive_ring
C049049,unbundling
C049060,collusive_ring
C049063,collusive_ring
C049068,collusive_ring
C049077,impossible_timing
C049081,impossible_timing
C049094,collusive_ring
C049095,collusive_ring
C049111,collusive_ring
C049169,collusive_ring
C049172,collusive_ring
C049198,collusive_ring
C049203,collusive_ring
C049212,collusive_ring
C049228,upcoding
C049270,collusive_ring
C049280,collusive_ring
C049287,collusive_ring
C049293,collusive_ring
C049311,collusive_ring
C049329,collusive_ring
C049368,collusive_ring
C049371,collusive_ring
C049373,collusive_ring
C049374,upcoding
C049401,collusive_ring
C049422,collusive_ring
C049431,collusive_ring
C049467,collusive_ring
C049469,duplicate_billing
C049503,collusive_ring
C049505,collusive_ring
C049507,collusive_ring
C049541,upcoding
C049565,impossible_timing
C049577,impossible_timing
C049589,collusive_ring
C049617,upcoding
C049620,collusive_ring
C049704,collusive_ring
C049712,collusive_ring
C049716,collusive_ring
C049719,collusive_ring
C049745,collusive_ring
C049757,collusive_ring
C049767,collusive_ring
C049775,collusive_ring
C049783,collusive_ring
C049790,collusive_ring
C049800,collusive_ring
C049804,collusive_ring
C049812,duplicate_billing
C049823,collusive_ring
C049848,upcoding
C049849,collusive_ring
C049866,collusive_ring
C049903,collusive_ring
C049933,collusive_ring
C049962,collusive_ring
C050008,collusive_ring
C050012,collusive_ring
C050020,collusive_ring
C050026,upcoding
C050087,collusive_ring
C050110,collusive_ring
C050153,collusive_ring
C050208,collusive_ring
C050248,collusive_ring
C050267,collusive_ring
C050276,collusive_ring
C050315,collusive_ring
C050319,collusive_ring
C050325,upcoding
C050345,collusive_ring
C050354,collusive_ring
C050384,collusive_ring
C050396,collusive_ring
C050459,collusive_ring
C050471,collusive_ring
C050474,unbundling
C050479,collusive_ring
C050549,upcoding
C050561,upcoding
C050586,unbundling
C050592,collusive_ring
C050616,upcoding
C050620,collusive_ring
C050655,duplicate_billing
C050661,collusive_ring
C050693,collusive_ring
C050695,collusive_ring
C050700,collusive_ring
C050709,collusive_ring
C050795,collusive_ring
C050804,collusive_ring
C050814,collusive_ring
C050834,collusive_ring
C050835,collusive_ring
C050837,collusive_ring
C050848,collusive_ring
C050849,collusive_ring
C050857,collusive_ring
C050861,collusive_ring
C050869,collusive_ring
C050872,collusive_ring
C050884,duplicate_billing
C050921,collusive_ring
C050930,upcoding
C050953,collusive_ring
C050978,collusive_ring
C051020,collusive_ring
C051034,upcoding
C051047,unbundling
C051075,collusive_ring
C051081,duplicate_billing
C051083,collusive_ring
C051119,collusive_ring
C051125,duplicate_billing
C051151,collusive_ring
C051163,collusive_ring
C051173,collusive_ring
C051199,unbundling
C051233,collusive_ring
C051234,collusive_ring
C051266,collusive_ring
C051275,collusive_ring
C051291,collusive_ring
C051295,collusive_ring
C051299,collusive_ring
C051324,collusive_ring
C051331,collusive_ring
C051360,collusive_ring
C051371,impossible_timing
C051372,collusive_ring
C051391,impossible_timing
C051395,upcoding
C051411,collusive_ring
C051426,duplicate_billing
C051433,collusive_ring
C051458,collusive_ring
C051485,collusive_ring
C051487,collusive_ring
C051530,collusive_ring
C051531,collusive_ring
C051547,collusive_ring
C051570,collusive_ring
C051583,collusive_ring
C051598,collusive_ring
C051619,collusive_ring
C051656,impossible_timing
C051659,collusive_ring
C051660,impossible_timing
C051673,collusive_ring
C051676,collusive_ring
C051677,collusive_ring
C051679,upcoding
C051696,upcoding
C051699,duplicate_billing
C051720,collusive_ring
C051727,unbundling
C051750,collusive_ring
C051751,collusive_ring
C051759,collusive_ring
C051764,collusive_ring
C051775,collusive_ring
C051857,collusive_ring
C051888,collusive_ring
C051889,collusive_ring
C051933,collusive_ring
C051945,upcoding
C051948,collusive_ring
C051972,collusive_ring
C051993,impossible_timing
C052008,impossible_timing
C052099,collusive_ring
C052150,duplicate_billing
C052160,duplicate_billing
C052207,collusive_ring
C052208,collusive_ring
C052236,duplicate_billing
C052243,collusive_ring
C052247,collusive_ring
C052251,collusive_ring
C052273,duplicate_billing
C052279,collusive_ring
C052291,collusive_ring
C052338,collusive_ring
C052369,collusive_ring
C052377,unbundling
C052382,collusive_ring
C052406,collusive_ring
C052410,collusive_ring
C052411,collusive_ring
C052415,upcoding
C052452,upcoding
C052462,collusive_ring
C052489,collusive_ring
C052511,collusive_ring
C052529,collusive_ring
C052531,collusive_ring
C052555,collusive_ring
C052559,collusive_ring
C052560,collusive_ring
C052578,collusive_ring
C052584,collusive_ring
C052594,collusive_ring
C052610,impossible_timing
C052617,collusive_ring
C052620,impossible_timing
C052630,collusive_ring
C052635,unbundling
C052639,upcoding
C052658,collusive_ring
C052661,collusive_ring
C052682,collusive_ring
C052688,collusive_ring
C052711,collusive_ring
C052733,collusive_ring
C052744,collusive_ring
C052748,collusive_ring
C052826,collusive_ring
C052831,collusive_ring
C052836,collusive_ring
C052842,collusive_ring
C052846,collusive_ring
C052890,collusive_ring
C052895,collusive_ring
C052908,collusive_ring
C052910,collusive_ring
C052932,collusive_ring
C052937,collusive_ring
C052945,collusive_ring
C052956,collusive_ring
C052972,duplicate_billing
C052975,upcoding
C052982,unbundling
C053015,collusive_ring
C053029,upcoding
C053057,collusive_ring
C053083,collusive_ring
C053103,upcoding
C053111,collusive_ring
C053112,collusive_ring
C053125,collusive_ring
C053129,collusive_ring
C053130,collusive_ring
C053137,collusive_ring
C053144,collusive_ring
C053150,collusive_ring
C053151,collusive_ring
C053155,collusive_ring
C053166,collusive_ring
C053220,collusive_ring
C053245,collusive_ring
C053267,collusive_ring
C053274,collusive_ring
C053287,collusive_ring
C053303,collusive_ring
C053316,duplicate_billing
C053331,collusive_ring
C053347,collusive_ring
C053348,collusive_ring
C053358,collusive_ring
C053364,collusive_ring
C053389,collusive_ring
C053398,collusive_ring
C053410,upcoding
C053413,collusive_ring
C053425,collusive_ring
C053428,upcoding
C053430,collusive_ring
C053460,collusive_ring
C053483,collusive_ring
C053496,collusive_ring
C053500,collusive_ring
C053503,collusive_ring
C053506,unbundling
C053513,collusive_ring
C053530,collusive_ring
C053555,upcoding
C053564,duplicate_billing
C053566,unbundling
C053588,collusive_ring
C053611,collusive_ring
C053612,collusive_ring
C053624,collusive_ring
C053639,duplicate_billing
C053657,collusive_ring
C053659,collusive_ring
C053696,collusive_ring
C053718,collusive_ring
C053747,collusive_ring
C053759,duplicate_billing
C053777,collusive_ring
C053781,unbundling
C053796,upcoding
C053799,collusive_ring
C053839,collusive_ring
C053865,collusive_ring
C053867,collusive_ring
C053879,collusive_ring
C053886,collusive_ring
C053889,collusive_ring
C053908,collusive_ring
C053921,collusive_ring
C053936,collusive_ring
C053954,collusive_ring
C053958,upcoding
C053959,collusive_ring
C053988,collusive_ring
C053992,duplicate_billing
C053994,collusive_ring
C053995,duplicate_billing
C053996,collusive_ring
C054008,upcoding
C054012,collusive_ring
C054041,upcoding
C054054,collusive_ring
C054062,collusive_ring
C054068,collusive_ring
C054072,collusive_ring
C054074,duplicate_billing
C054151,upcoding
C054154,collusive_ring
C054177,collusive_ring
C054181,collusive_ring
C054194,collusive_ring
C054209,collusive_ring
C054252,collusive_ring
C054267,collusive_ring
C054272,collusive_ring
C054324,collusive_ring
C054336,collusive_ring
C054365,collusive_ring
C054380,collusive_ring
C054409,duplicate_billing
C054433,collusive_ring
C054480,upcoding
C054484,upcoding
C054494,collusive_ring
C054495,collusive_ring
C054518,collusive_ring
C054577,collusive_ring
C054630,upcoding
C054652,collusive_ring
C054658,collusive_ring
C054684,collusive_ring
C054708,collusive_ring
C054718,duplicate_billing
C054726,collusive_ring
C054736,collusive_ring
C054746,collusive_ring
C054781,collusive_ring
C054785,collusive_ring
C054796,upcoding
C054814,collusive_ring
C054820,collusive_ring
C054836,collusive_ring
C054871,collusive_ring
C054895,unbundling
C054903,collusive_ring
C054929,collusive_ring
C054946,collusive_ring
C054993,collusive_ring
C054998,collusive_ring
C055049,collusive_ring
C055054,collusive_ring
C055068,collusive_ring
C055072,collusive_ring
C055100,collusive_ring
C055126,collusive_ring
C055163,collusive_ring
C055175,collusive_ring
C055180,collusive_ring
C055192,collusive_ring
C055195,collusive_ring
C055198,collusive_ring
C055222,collusive_ring
C055227,collusive_ring
C055235,collusive_ring
C055244,collusive_ring
C055282,duplicate_billing
C055283,collusive_ring
C055305,collusive_ring
C055324,collusive_ring
C055326,collusive_ring
C055358,collusive_ring
C055359,collusive_ring
C055360,collusive_ring
C055361,collusive_ring
C055363,collusive_ring
C055376,collusive_ring
C055398,collusive_ring
C055441,collusive_ring
C055446,unbundling
C055461,duplicate_billing
C055480,collusive_ring
C055518,collusive_ring
C055538,collusive_ring
C055544,collusive_ring
C055546,collusive_ring
C055549,collusive_ring
C055554,duplicate_billing
C055574,collusive_ring
C055577,collusive_ring
C055594,collusive_ring
C055598,collusive_ring
C055605,collusive_ring
C055618,collusive_ring
C055622,collusive_ring
C055632,collusive_ring
C055642,collusive_ring
C055647,collusive_ring
C055718,collusive_ring
C055727,collusive_ring
C055762,collusive_ring
C055763,unbundling
C055769,upcoding
C055776,collusive_ring
C055786,upcoding
C055799,collusive_ring
C055809,upcoding
C055810,collusive_ring
C055827,collusive_ring
C055857,impossible_timing
C055866,collusive_ring
C055872,impossible_timing
C055889,collusive_ring
C055954,collusive_ring
C055972,collusive_ring
C055982,collusive_ring
C055986,collusive_ring
C056017,collusive_ring
C056018,duplicate_billing
C056088,collusive_ring
C056098,collusive_ring
C056107,collusive_ring
C056135,upcoding
C056162,collusive_ring
C056165,collusive_ring
C056177,collusive_ring
C056214,collusive_ring
C056231,upcoding
C056232,upcoding
C056233,collusive_ring
C056234,collusive_ring
C056259,collusive_ring
C056273,collusive_ring
C056279,collusive_ring
C056285,collusive_ring
C056289,collusive_ring
C056292,collusive_ring
C056299,upcoding
C056300,collusive_ring
C056407,collusive_ring
C056415,collusive_ring
C056416,collusive_ring
C056420,collusive_ring
C056426,collusive_ring
C056432,upcoding
C056443,collusive_ring
C056466,collusive_ring
C056467,collusive_ring
C056524,collusive_ring
C056541,collusive_ring
C056546,collusive_ring
C056555,collusive_ring
C056579,collusive_ring
C056616,collusive_ring
C056628,collusive_ring
C056661,collusive_ring
C056673,collusive_ring
C056700,collusive_ring
C056727,upcoding
C056741,collusive_ring
C056754,collusive_ring
C056784,collusive_ring
C056786,collusive_ring
C056818,collusive_ring
C056825,collusive_ring
C056835,collusive_ring
C056850,collusive_ring
C056853,duplicate_billing
C056862,collusive_ring
C056912,collusive_ring
C056948,collusive_ring
C056956,collusive_ring
C056957,collusive_ring
C056960,upcoding
C056961,upcoding
C057013,collusive_ring
C057017,duplicate_billing
C057029,impossible_timing
C057030,collusive_ring
C057048,impossible_timing
C057051,duplicate_billing
C057068,collusive_ring
C057082,collusive_ring
C057113,collusive_ring
C057137,collusive_ring
C057150,collusive_ring
C057187,collusive_ring
C057188,upcoding
C057191,collusive_ring
C057235,duplicate_billing
C057236,collusive_ring
C057248,collusive_ring
C057258,upcoding
C057260,collusive_ring
C057267,collusive_ring
C057296,collusive_ring
C057304,collusive_ring
C057335,collusive_ring
C057347,collusive_ring
C057365,collusive_ring
C057385,collusive_ring
C057429,collusive_ring
C057498,collusive_ring
C057511,collusive_ring
C057559,collusive_ring
C057566,collusive_ring
C057574,collusive_ring
C057579,collusive_ring
C057583,collusive_ring
C057587,collusive_ring
C057588,collusive_ring
C057597,collusive_ring
C057602,collusive_ring
C057620,collusive_ring
C057632,collusive_ring
C057652,collusive_ring
C057665,duplicate_billing
C057680,collusive_ring
C057703,duplicate_billing
C057720,collusive_ring
C057741,collusive_ring
C057766,collusive_ring
C057767,collusive_ring
C057770,collusive_ring
C057833,collusive_ring
C057886,collusive_ring
C057902,collusive_ring
C057911,collusive_ring
C057920,collusive_ring
C057971,upcoding
C057973,collusive_ring
C057981,duplicate_billing
C057984,collusive_ring
C057993,collusive_ring
C058009,collusive_ring
C058010,collusive_ring
C058015,collusive_ring
C058016,collusive_ring
C058021,collusive_ring
C058025,collusive_ring
C058038,upcoding
C058057,upcoding
C058071,collusive_ring
C058089,unbundling
C058128,collusive_ring
C058134,collusive_ring
C058163,collusive_ring
C058188,collusive_ring
C058205,duplicate_billing
C058222,collusive_ring
C058243,collusive_ring
C058248,collusive_ring
C058267,collusive_ring
C058268,collusive_ring
C058287,collusive_ring
C058303,collusive_ring
C058305,upcoding
C058317,collusive_ring
C058323,collusive_ring
C058338,collusive_ring
C058343,collusive_ring
C058350,collusive_ring
C058363,duplicate_billing
C058373,collusive_ring
C058391,collusive_ring
C058399,collusive_ring
C058402,impossible_timing
C058413,upcoding
C058414,collusive_ring
C058418,impossible_timing
C058424,unbundling
C058470,collusive_ring
C058474,duplicate_billing
C058476,upcoding
C058501,collusive_ring
C058516,collusive_ring
C058528,collusive_ring
C058532,duplicate_billing
C058564,collusive_ring
C058576,collusive_ring
C058583,duplicate_billing
C058626,collusive_ring
C058628,collusive_ring
C058648,collusive_ring
C058664,collusive_ring
C058672,collusive_ring
C058691,upcoding
C058694,collusive_ring
C058747,collusive_ring
C058753,collusive_ring
C058764,collusive_ring
C058792,duplicate_billing
C058804,collusive_ring
C058835,collusive_ring
C058858,collusive_ring
C058872,collusive_ring
C058875,collusive_ring
C058877,unbundling
C058884,collusive_ring
C058885,collusive_ring
C058887,collusive_ring
C058917,collusive_ring
C058919,collusive_ring
C058921,collusive_ring
C058933,collusive_ring
C058935,duplicate_billing
C058951,collusive_ring
C058961,collusive_ring
C058966,collusive_ring
C058969,collusive_ring
C058979,collusive_ring
C058996,collusive_ring
C059024,collusive_ring
C059036,collusive_ring
C059062,collusive_ring
C059069,upcoding
C059076,collusive_ring
C059094,collusive_ring
C059120,collusive_ring
C059144,collusive_ring
C059176,collusive_ring
C059188,duplicate_billing
C059191,upcoding
C059194,collusive_ring
C059199,upcoding
C059236,impossible_timing
C059243,impossible_timing
C059254,collusive_ring
C059267,collusive_ring
C059268,collusive_ring
C059314,unbundling
C059350,collusive_ring
C059376,collusive_ring
C059385,collusive_ring
C059415,collusive_ring
C059431,collusive_ring
C059451,collusive_ring
C059479,collusive_ring
C059534,collusive_ring
C059538,collusive_ring
C059543,duplicate_billing
C059551,upcoding
C059556,collusive_ring
C059570,unbundling
C059576,collusive_ring
C059582,collusive_ring
C059591,collusive_ring
C059594,collusive_ring
C059601,collusive_ring
C059615,unbundling
C059620,collusive_ring
C059626,duplicate_billing
C059627,collusive_ring
C059636,collusive_ring
C059645,collusive_ring
C059651,collusive_ring
C059655,unbundling
C059672,collusive_ring
C059679,collusive_ring
C059693,collusive_ring
C059694,collusive_ring
C059721,collusive_ring
C059722,collusive_ring
C059735,collusive_ring
C059752,collusive_ring
C059753,duplicate_billing
C059754,collusive_ring
C059783,upcoding
C059814,upcoding
C059841,collusive_ring
C059847,collusive_ring
C059859,collusive_ring
C059865,collusive_ring
C059868,collusive_ring
C059880,collusive_ring
C059895,upcoding
C059899,collusive_ring
C059909,collusive_ring
C059930,collusive_ring
C059942,collusive_ring
C059944,collusive_ring
C059950,collusive_ring
C059971,collusive_ring
C059972,collusive_ring
C059978,collusive_ring
C059980,collusive_ring
C059984,upcoding
C059987,collusive_ring
C060004,collusive_ring
C060006,collusive_ring
C060009,upcoding
C060015,collusive_ring
C060016,collusive_ring
C060023,collusive_ring
C060036,collusive_ring
C060046,collusive_ring
C060066,duplicate_billing
C060069,collusive_ring
C060075,collusive_ring
C060079,collusive_ring
C060133,collusive_ring
C060152,collusive_ring
C060166,collusive_ring
C060169,collusive_ring
C060170,collusive_ring
C060174,collusive_ring
C060201,collusive_ring
C060202,collusive_ring
C060226,upcoding
C060232,collusive_ring
C060246,collusive_ring
C060258,impossible_timing
C060262,upcoding
C060269,impossible_timing
C060286,collusive_ring
C060303,collusive_ring
C060310,impossible_timing
C060312,collusive_ring
C060316,collusive_ring
C060319,impossible_timing
C060323,collusive_ring
C060330,collusive_ring
C060369,collusive_ring
C060400,collusive_ring
C060411,collusive_ring
C060418,collusive_ring
C060434,collusive_ring
C060448,collusive_ring
C060449,collusive_ring
C060455,collusive_ring
C060551,upcoding
C060562,collusive_ring
C060582,collusive_ring
C060585,collusive_ring
C060596,collusive_ring
C060615,collusive_ring
C060627,collusive_ring
C060629,collusive_ring
C060632,upcoding
C060634,collusive_ring
C060640,collusive_ring
C060647,collusive_ring
C060659,collusive_ring
C060664,collusive_ring
C060670,collusive_ring
C060673,collusive_ring
C060687,collusive_ring
C060704,collusive_ring
C060711,collusive_ring
C060728,collusive_ring
C060730,collusive_ring
C060749,collusive_ring
C060759,unbundling
C060798,collusive_ring
C060800,collusive_ring
C060816,collusive_ring
C060819,collusive_ring
C060828,collusive_ring
C060829,collusive_ring
C060833,collusive_ring
C060834,collusive_ring
C060840,collusive_ring
C060855,collusive_ring
C060864,collusive_ring
C060903,collusive_ring
C060909,collusive_ring
C060915,collusive_ring
C060931,collusive_ring
C060969,collusive_ring
C060977,collusive_ring
C060986,collusive_ring
C061010,collusive_ring
C061060,collusive_ring
C061087,collusive_ring
C061091,collusive_ring
C061102,collusive_ring
C061120,collusive_ring
C061128,collusive_ring
C061130,collusive_ring
C061156,collusive_ring
C061181,upcoding
C061183,collusive_ring
C061188,collusive_ring
C061189,collusive_ring
C061198,collusive_ring
C061213,collusive_ring
C061214,collusive_ring
C061240,duplicate_billing
C061244,collusive_ring
C061258,collusive_ring
C061282,collusive_ring
C061328,collusive_ring
C061335,collusive_ring
C061401,collusive_ring
C061408,collusive_ring
C061410,collusive_ring
C061417,collusive_ring
C061418,duplicate_billing
C061469,collusive_ring
C061472,collusive_ring
C061498,collusive_ring
C061504,upcoding
C061513,unbundling
C061526,impossible_timing
C061546,impossible_timing
C061564,collusive_ring
C061574,collusive_ring
C061582,collusive_ring
C061583,collusive_ring
C061620,duplicate_billing
C061631,collusive_ring
C061636,collusive_ring
C061641,collusive_ring
C061642,collusive_ring
C061644,collusive_ring
C061649,collusive_ring
C061656,collusive_ring
C061684,collusive_ring
C061690,duplicate_billing
C061691,duplicate_billing
C061699,collusive_ring
C061702,collusive_ring
C061717,unbundling
C061729,collusive_ring
C061740,upcoding
C061743,collusive_ring
C061795,collusive_ring
C061801,collusive_ring
C061844,collusive_ring
C061858,duplicate_billing
C061860,duplicate_billing
C061861,collusive_ring
C061895,collusive_ring
C061903,collusive_ring
C061918,collusive_ring
C061923,collusive_ring
C061927,upcoding
C061936,collusive_ring
C061938,collusive_ring
C061941,impossible_timing
C061949,collusive_ring
C061965,impossible_timing
C061967,collusive_ring
C061974,collusive_ring
C062016,collusive_ring
C062032,upcoding
C062050,collusive_ring
C062067,collusive_ring
C062109,collusive_ring
C062110,collusive_ring
C062131,collusive_ring
C062140,collusive_ring
C062142,collusive_ring
C062156,duplicate_billing
C062164,collusive_ring
C062185,collusive_ring
C062204,collusive_ring
C062220,collusive_ring
C062221,upcoding
C062230,collusive_ring
C062250,collusive_ring
C062255,collusive_ring
C062264,collusive_ring
C062281,collusive_ring
C062313,upcoding
C062317,collusive_ring
C062344,collusive_ring
C062352,collusive_ring
C062361,collusive_ring
C062383,collusive_ring
C062394,collusive_ring
C062396,collusive_ring
C062416,collusive_ring
C062429,collusive_ring
C062459,duplicate_billing
C062471,collusive_ring
C062476,upcoding
C062477,collusive_ring
C062483,collusive_ring
C062506,collusive_ring
C062518,collusive_ring
C062522,collusive_ring
C062560,collusive_ring
C062570,collusive_ring
C062592,collusive_ring
C062593,collusive_ring
C062598,collusive_ring
C062634,collusive_ring
C062644,collusive_ring
C062661,duplicate_billing
C062668,collusive_ring
C062669,collusive_ring
C062675,collusive_ring
C062707,collusive_ring
C062715,collusive_ring
C062738,collusive_ring
C062745,collusive_ring
C062752,collusive_ring
C062801,unbundling
C062820,collusive_ring
C062842,upcoding
C062859,impossible_timing
C062864,collusive_ring
C062865,collusive_ring
C062868,impossible_timing
C062876,collusive_ring
C062879,collusive_ring
C062893,collusive_ring
C062904,collusive_ring
C062912,collusive_ring
C062934,impossible_timing
C062950,collusive_ring
C062951,duplicate_billing
C062955,upcoding
C062956,impossible_timing
C063013,upcoding
C063022,duplicate_billing
C063033,collusive_ring
C063039,collusive_ring
C063058,collusive_ring
C063076,collusive_ring
C063136,upcoding
C063159,collusive_ring
C063162,collusive_ring
C063175,collusive_ring
C063179,collusive_ring
C063197,collusive_ring
C063209,upcoding
C063240,collusive_ring
C063260,collusive_ring
C063263,collusive_ring
C063292,collusive_ring
C063295,collusive_ring
C063298,duplicate_billing
C063308,collusive_ring
C063314,collusive_ring
C063407,collusive_ring
C063418,collusive_ring
C063457,upcoding
C063473,collusive_ring
C063477,collusive_ring
C063485,duplicate_billing
C063493,collusive_ring
C063511,collusive_ring
C063527,collusive_ring
C063545,collusive_ring
C063569,duplicate_billing
C063576,duplicate_billing
C063579,collusive_ring
C063594,collusive_ring
C063604,collusive_ring
C063605,collusive_ring
C063607,collusive_ring
C063616,collusive_ring
C063622,collusive_ring
C063624,duplicate_billing
C063638,impossible_timing
C063649,impossible_timing
C063656,collusive_ring
C063721,collusive_ring
C063743,collusive_ring
C063748,upcoding
C063791,collusive_ring
C063807,duplicate_billing
C063809,collusive_ring
C063827,collusive_ring
C063832,collusive_ring
C063858,collusive_ring
C063865,collusive_ring
C063866,collusive_ring
C063867,collusive_ring
C063871,collusive_ring
C063872,unbundling
C063882,collusive_ring
C063904,collusive_ring
C063909,collusive_ring
C063910,duplicate_billing
C063917,collusive_ring
C063927,collusive_ring
C063935,collusive_ring
C063939,collusive_ring
C063981,collusive_ring
C063989,collusive_ring
C064005,collusive_ring
C064007,upcoding
C064017,collusive_ring
C064019,collusive_ring
C064035,upcoding
C064045,collusive_ring
C064055,collusive_ring
C064056,collusive_ring
C064061,collusive_ring
C064070,collusive_ring
C064080,collusive_ring
C064081,collusive_ring
C064102,collusive_ring
C064106,collusive_ring
C064109,upcoding
C064114,duplicate_billing
C064150,collusive_ring
C064196,collusive_ring
C064230,collusive_ring
C064232,collusive_ring
C064234,collusive_ring
C064247,upcoding
C064283,collusive_ring
C064293,collusive_ring
C064300,upcoding
C064315,upcoding
C064343,collusive_ring
C064361,collusive_ring
C064391,collusive_ring
C064404,collusive_ring
C064424,collusive_ring
C064429,collusive_ring
C064444,collusive_ring
C064448,collusive_ring
C064451,collusive_ring
C064455,unbundling
C064467,collusive_ring
C064470,collusive_ring
C064494,collusive_ring
C064513,collusive_ring
C064514,collusive_ring
C064572,collusive_ring
C064576,collusive_ring
C064593,upcoding
C064612,collusive_ring
C064657,collusive_ring
C064662,collusive_ring
C064675,collusive_ring
C064679,collusive_ring
C064684,collusive_ring
C064690,collusive_ring
C064732,impossible_timing
C064737,impossible_timing
C064765,collusive_ring
C064784,collusive_ring
C064801,collusive_ring
C064805,collusive_ring
C064809,impossible_timing
C064818,impossible_timing
C064825,collusive_ring
C064829,collusive_ring
C064835,collusive_ring
C064865,collusive_ring
C064868,collusive_ring
C064911,collusive_ring
C064919,duplicate_billing
C064922,collusive_ring
C064923,collusive_ring
C064927,collusive_ring
C064940,collusive_ring
C064946,upcoding
C064954,collusive_ring
C064956,collusive_ring
C064966,upcoding
C064987,impossible_timing
C064998,impossible_timing
C065027,collusive_ring
C065052,collusive_ring
C065068,collusive_ring
C065092,collusive_ring
C065112,collusive_ring
C065115,collusive_ring
C065139,collusive_ring
C065149,collusive_ring
C065167,collusive_ring
C065168,collusive_ring
C065178,collusive_ring
C065188,upcoding
C065189,impossible_timing
C065203,collusive_ring
C065205,impossible_timing
C065244,collusive_ring
C065260,duplicate_billing
C065282,unbundling
C065289,collusive_ring
C065290,collusive_ring
C065291,collusive_ring
C065300,collusive_ring
C065308,collusive_ring
C065337,collusive_ring
C065353,collusive_ring
C065357,collusive_ring
C065358,collusive_ring
C065361,duplicate_billing
C065369,collusive_ring
C065380,upcoding
C065393,collusive_ring
C065399,duplicate_billing
C065423,collusive_ring
C065457,collusive_ring
C065468,collusive_ring
C065469,collusive_ring
C065494,collusive_ring
C065503,upcoding
C065519,collusive_ring
C065529,collusive_ring
C065539,upcoding
C065548,collusive_ring
C065550,collusive_ring
C065560,collusive_ring
C065565,collusive_ring
C065575,collusive_ring
C065612,collusive_ring
C065616,collusive_ring
C065639,collusive_ring
C065647,collusive_ring
C065670,collusive_ring
C065673,impossible_timing
C065682,impossible_timing
C065692,collusive_ring
C065693,collusive_ring
C065736,collusive_ring
C065743,collusive_ring
C065749,collusive_ring
C065773,collusive_ring
C065779,collusive_ring
C065781,collusive_ring
C065786,collusive_ring
C065822,collusive_ring
C065840,collusive_ring
C065852,upcoding
C065858,collusive_ring
C065860,collusive_ring
C065861,collusive_ring
C065862,collusive_ring
C065865,collusive_ring
C065903,collusive_ring
C065905,upcoding
C065907,collusive_ring
C065909,collusive_ring
C065921,collusive_ring
C065932,collusive_ring
C065933,collusive_ring
C065950,collusive_ring
C065957,collusive_ring
C065959,collusive_ring
C065964,collusive_ring
C065973,collusive_ring
C065994,collusive_ring
C066022,collusive_ring
C066023,collusive_ring
C066045,collusive_ring
C066046,collusive_ring
C066052,impossible_timing
C066054,collusive_ring
C066057,upcoding
C066058,collusive_ring
C066059,impossible_timing
C066065,upcoding
C066094,collusive_ring
C066105,collusive_ring
C066114,collusive_ring
C066121,collusive_ring
C066127,collusive_ring
C066156,collusive_ring
C066206,collusive_ring
C066212,upcoding
C066221,collusive_ring
C066223,collusive_ring
C066237,duplicate_billing
C066266,collusive_ring
C066278,upcoding
C066281,duplicate_billing
C066292,collusive_ring
C066298,duplicate_billing
C066303,collusive_ring
C066329,collusive_ring
C066340,upcoding
C066341,collusive_ring
C066343,collusive_ring
C066359,collusive_ring
C066371,collusive_ring
C066374,upcoding
C066385,duplicate_billing
C066386,duplicate_billing
C066408,collusive_ring
C066451,collusive_ring
C066455,collusive_ring
C066475,collusive_ring
C066479,collusive_ring
C066483,upcoding
C066503,collusive_ring
C066531,collusive_ring
C066548,collusive_ring
C066559,collusive_ring
C066568,upcoding
C066569,collusive_ring
C066579,collusive_ring
C066591,collusive_ring
C066635,collusive_ring
C066646,collusive_ring
C066654,collusive_ring
C066656,collusive_ring
C066657,collusive_ring
C066707,collusive_ring
C066722,collusive_ring
C066723,collusive_ring
C066726,collusive_ring
C066731,collusive_ring
C066740,collusive_ring
C066746,collusive_ring
C066747,upcoding
C066763,collusive_ring
C066764,collusive_ring
C066773,collusive_ring
C066785,duplicate_billing
C066790,upcoding
C066793,upcoding
C066801,collusive_ring
C066803,collusive_ring
C066815,collusive_ring
C066838,collusive_ring
C066859,collusive_ring
C066872,collusive_ring
C066873,collusive_ring
C066885,collusive_ring
C066887,collusive_ring
C066889,collusive_ring
C066895,collusive_ring
C066899,collusive_ring
C066900,collusive_ring
C066910,collusive_ring
C066918,duplicate_billing
C066935,collusive_ring
C066967,collusive_ring
C066976,collusive_ring
C067010,collusive_ring
C067018,collusive_ring
C067019,collusive_ring
C067021,collusive_ring
C067025,collusive_ring
C067032,collusive_ring
C067058,duplicate_billing
C067065,collusive_ring
C067074,collusive_ring
C067076,duplicate_billing
C067078,collusive_ring
C067080,collusive_ring
C067084,collusive_ring
C067086,collusive_ring
C067092,collusive_ring
C067150,collusive_ring
C067154,duplicate_billing
C067155,collusive_ring
C067169,collusive_ring
C067174,collusive_ring
C067184,collusive_ring
C067187,collusive_ring
C067188,collusive_ring
C067204,collusive_ring
C067270,collusive_ring
C067280,collusive_ring
C067281,collusive_ring
C067284,upcoding
C067313,impossible_timing
C067322,impossible_timing
C067330,collusive_ring
C067332,collusive_ring
C067335,collusive_ring
C067351,collusive_ring
C067360,collusive_ring
C067367,collusive_ring
C067384,collusive_ring
C067392,unbundling
C067405,collusive_ring
C067407,collusive_ring
C067416,collusive_ring
C067433,impossible_timing
C067442,collusive_ring
C067455,duplicate_billing
C067456,impossible_timing
C067458,collusive_ring
C067470,upcoding
C067509,collusive_ring
C067512,collusive_ring
C067515,collusive_ring
C067524,impossible_timing
C067535,collusive_ring
C067536,impossible_timing
C067544,collusive_ring
C067564,collusive_ring
C067568,upcoding
C067569,collusive_ring
C067582,collusive_ring
C067589,collusive_ring
C067590,collusive_ring
C067606,collusive_ring
C067624,collusive_ring
C067625,collusive_ring
C067632,duplicate_billing
C067669,collusive_ring
C067679,collusive_ring
C067684,collusive_ring
C067685,duplicate_billing
C067699,collusive_ring
C067732,collusive_ring
C067733,collusive_ring
C067740,collusive_ring
C067772,collusive_ring
C067781,collusive_ring
C067791,collusive_ring
C067793,upcoding
C067818,collusive_ring
C067821,collusive_ring
C067824,collusive_ring
C067825,collusive_ring
C067829,collusive_ring
C067846,collusive_ring
C067850,collusive_ring
C067855,collusive_ring
C067858,collusive_ring
C067867,collusive_ring
C067872,collusive_ring
C067880,collusive_ring
C067897,collusive_ring
C067903,collusive_ring
C067918,impossible_timing
C067925,collusive_ring
C067926,impossible_timing
C067927,collusive_ring
C067935,collusive_ring
C067984,collusive_ring
C068011,duplicate_billing
C068022,collusive_ring
C068026,collusive_ring
C068033,collusive_ring
C068034,collusive_ring
C068051,unbundling
C068056,collusive_ring
C068063,collusive_ring
C068074,collusive_ring
C068112,collusive_ring
C068117,collusive_ring
C068138,collusive_ring
C068142,collusive_ring
C068156,collusive_ring
C068167,collusive_ring
C068168,collusive_ring
C068178,collusive_ring
C068188,collusive_ring
C068198,collusive_ring
C068203,collusive_ring
C068208,collusive_ring
C068211,collusive_ring
C068217,collusive_ring
C068227,collusive_ring
C068239,collusive_ring
C068245,collusive_ring
C068257,collusive_ring
C068284,collusive_ring
C068295,collusive_ring
C068296,collusive_ring
C068304,collusive_ring
C068306,collusive_ring
C068332,collusive_ring
C068344,collusive_ring
C068357,collusive_ring
C068362,collusive_ring
C068382,collusive_ring
C068387,collusive_ring
C068391,collusive_ring
C068405,collusive_ring
C068410,collusive_ring
C068411,collusive_ring
C068423,collusive_ring
C068429,collusive_ring
C068430,impossible_timing
C068432,collusive_ring
C068451,impossible_timing
C068496,collusive_ring
C068500,collusive_ring
C068538,collusive_ring
C068541,collusive_ring
C068556,impossible_timing
C068558,impossible_timing
C068568,collusive_ring
C068577,unbundling
C068639,collusive_ring
C068650,collusive_ring
C068657,upcoding
C068666,collusive_ring
C068667,collusive_ring
C068674,collusive_ring
C068675,collusive_ring
C068691,collusive_ring
C068695,collusive_ring
C068709,collusive_ring
C068748,collusive_ring
C068749,collusive_ring
C068750,collusive_ring
C068759,collusive_ring
C068768,collusive_ring
C068773,impossible_timing
C068782,collusive_ring
C068784,impossible_timing
C068792,collusive_ring
C068802,collusive_ring
C068808,collusive_ring
C068812,collusive_ring
C068822,collusive_ring
C068835,collusive_ring
C068891,collusive_ring
C068904,collusive_ring
C068944,collusive_ring
C068946,upcoding
C069000,collusive_ring
C069006,collusive_ring
C069010,collusive_ring
C069017,upcoding
C069025,collusive_ring
C069043,collusive_ring
C069062,collusive_ring
C069065,collusive_ring
C069072,collusive_ring
C069080,collusive_ring
C069082,collusive_ring
C069115,upcoding
C069136,upcoding
C069137,collusive_ring
C069142,collusive_ring
C069156,collusive_ring
C069168,collusive_ring
C069172,collusive_ring
C069177,collusive_ring
C069188,collusive_ring
C069189,collusive_ring
C069191,collusive_ring
C069199,collusive_ring
C069223,collusive_ring
C069234,collusive_ring
C069237,collusive_ring
C069238,collusive_ring
C069261,collusive_ring
C069263,impossible_timing
C069265,impossible_timing
C069291,collusive_ring
C069299,duplicate_billing
C069306,collusive_ring
C069313,collusive_ring
C069327,collusive_ring
C069347,collusive_ring
C069372,collusive_ring
C069377,collusive_ring
C069387,duplicate_billing
C069397,unbundling
C069400,collusive_ring
C069450,collusive_ring
C069451,collusive_ring
C069493,collusive_ring
C069518,collusive_ring
C069527,collusive_ring
C069543,impossible_timing
C069548,duplicate_billing
C069551,collusive_ring
C069553,collusive_ring
C069563,impossible_timing
C069566,collusive_ring
C069573,collusive_ring
C069584,collusive_ring
C069593,collusive_ring
C069597,collusive_ring
C069600,collusive_ring
C069613,duplicate_billing
C069625,collusive_ring
C069629,collusive_ring
C069633,collusive_ring
C069641,collusive_ring
C069648,collusive_ring
C069650,collusive_ring
C069654,collusive_ring
C069662,collusive_ring
C069678,unbundling
C069691,collusive_ring
C069712,collusive_ring
C069729,collusive_ring
C069734,collusive_ring
C069754,collusive_ring
C069767,collusive_ring
C069775,impossible_timing
C069790,impossible_timing
C069795,collusive_ring
C069811,collusive_ring
C069817,collusive_ring
C069840,collusive_ring
C069844,collusive_ring
C069845,collusive_ring
C069859,impossible_timing
C069862,impossible_timing
C069868,collusive_ring
C069870,upcoding
C069874,collusive_ring
C069877,collusive_ring
C069895,collusive_ring
C069902,collusive_ring
C069912,impossible_timing
C069917,impossible_timing
C069924,collusive_ring
C069948,collusive_ring
C069964,collusive_ring
C069970,collusive_ring
C069996,collusive_ring
C070001,collusive_ring
C070005,collusive_ring
C070006,collusive_ring
C070034,collusive_ring
C070047,collusive_ring
C070052,unbundling
C070055,collusive_ring
C070059,collusive_ring
C070061,collusive_ring
C070072,collusive_ring
C070075,collusive_ring
C070083,collusive_ring
C070094,collusive_ring
C070110,collusive_ring
C070135,upcoding
C070136,collusive_ring
C070139,collusive_ring
C070147,collusive_ring
C070151,collusive_ring
C070164,collusive_ring
C070165,collusive_ring
C070178,collusive_ring
C070184,collusive_ring
C070209,collusive_ring
C070228,collusive_ring
C070229,collusive_ring
C070237,collusive_ring
C070251,unbundling
C070255,collusive_ring
C070258,collusive_ring
C070262,collusive_ring
C070271,collusive_ring
C070273,collusive_ring
C070274,collusive_ring
C070285,collusive_ring
C070286,collusive_ring
C070294,collusive_ring
C070296,collusive_ring
C070305,collusive_ring
C070310,collusive_ring
C070336,collusive_ring
C070340,upcoding
C070366,collusive_ring
C070382,collusive_ring
C070403,collusive_ring
C070414,collusive_ring
C070418,collusive_ring
C070423,collusive_ring
C070439,collusive_ring
C070457,duplicate_billing
C070475,collusive_ring
C070480,collusive_ring
C070489,collusive_ring
C070491,collusive_ring
C070500,collusive_ring
C070559,collusive_ring
C070568,upcoding
C070578,collusive_ring
C070583,upcoding
C070613,collusive_ring
C070615,collusive_ring
C070642,collusive_ring
C070646,upcoding
C070651,collusive_ring
C070654,collusive_ring
C070655,collusive_ring
C070664,collusive_ring
C070669,collusive_ring
C070672,collusive_ring
C070687,collusive_ring
C070691,collusive_ring
C070707,collusive_ring
C070772,unbundling
C070784,unbundling
C070816,collusive_ring
C070824,collusive_ring
C070834,collusive_ring
C070839,collusive_ring
C070851,collusive_ring
C070862,collusive_ring
C070912,collusive_ring
C070913,collusive_ring
C070915,collusive_ring
C070949,collusive_ring
C070960,collusive_ring
C070965,collusive_ring
C070985,collusive_ring
C071003,collusive_ring
C071017,collusive_ring
C071035,collusive_ring
C071044,collusive_ring
C071065,collusive_ring
C071066,collusive_ring
C071082,collusive_ring
C071090,collusive_ring
C071091,collusive_ring
C071096,collusive_ring
C071097,collusive_ring
C071151,collusive_ring
C071153,collusive_ring
C071161,collusive_ring
C071167,collusive_ring
C071173,collusive_ring
C071192,collusive_ring
C071195,collusive_ring
C071196,collusive_ring
C071205,collusive_ring
C071219,duplicate_billing
C071243,collusive_ring
C071252,duplicate_billing
C071283,collusive_ring
C071297,collusive_ring
C071300,collusive_ring
C071310,collusive_ring
C071311,collusive_ring
C071321,collusive_ring
C071333,collusive_ring
C071335,upcoding
C071338,collusive_ring
C071348,collusive_ring
C071365,collusive_ring
C071371,collusive_ring
C071389,collusive_ring
C071397,collusive_ring
C071419,unbundling
C071421,collusive_ring
C071428,collusive_ring
C071435,collusive_ring
C071437,collusive_ring
C071454,collusive_ring
C071469,collusive_ring
C071474,collusive_ring
C071488,collusive_ring
C071492,collusive_ring
C071498,collusive_ring
C071519,collusive_ring
C071523,collusive_ring
C071534,collusive_ring
C071540,collusive_ring
C071555,collusive_ring
C071593,collusive_ring
C071600,collusive_ring
C071619,collusive_ring
C071629,collusive_ring
C071630,collusive_ring
C071632,collusive_ring
C071637,collusive_ring
C071642,collusive_ring
C071645,collusive_ring
C071646,collusive_ring
C071650,collusive_ring
C071657,collusive_ring
C071659,duplicate_billing
C071713,collusive_ring
C071717,collusive_ring
C071751,collusive_ring
C071752,collusive_ring
C071758,impossible_timing
C071769,upcoding
C071777,impossible_timing
C071779,collusive_ring
C071799,collusive_ring
C071818,duplicate_billing
C071823,collusive_ring
C071824,collusive_ring
C071825,collusive_ring
C071830,duplicate_billing
C071844,collusive_ring
C071854,collusive_ring
C071860,collusive_ring
C071863,upcoding
C071901,collusive_ring
C071905,collusive_ring
C071922,collusive_ring
C071942,collusive_ring
C071945,collusive_ring
C071972,collusive_ring
C071977,collusive_ring
C071984,collusive_ring
C071986,collusive_ring
C071993,collusive_ring
C072002,duplicate_billing
C072007,collusive_ring
C072012,collusive_ring
C072015,upcoding
C072023,collusive_ring
C072025,collusive_ring
C072036,collusive_ring
C072048,collusive_ring
C072053,collusive_ring
C072058,collusive_ring
C072060,collusive_ring
C072076,collusive_ring
C072107,collusive_ring
C072139,collusive_ring
C072149,collusive_ring
C072160,duplicate_billing
C072180,collusive_ring
C072196,collusive_ring
C072210,collusive_ring
C072217,collusive_ring
C072227,collusive_ring
C072230,collusive_ring
C072235,collusive_ring
C072277,collusive_ring
C072295,collusive_ring
C072299,collusive_ring
C072302,collusive_ring
C072303,collusive_ring
C072322,impossible_timing
C072326,collusive_ring
C072347,impossible_timing
C072360,duplicate_billing
C072364,collusive_ring
C072384,collusive_ring
C072403,collusive_ring
C072414,collusive_ring
C072428,collusive_ring
C072430,collusive_ring
C072433,collusive_ring
C072447,collusive_ring
C072450,collusive_ring
C072471,collusive_ring
C072484,upcoding
C072511,duplicate_billing
C072517,collusive_ring
C072524,collusive_ring
C072527,collusive_ring
C072544,collusive_ring
C072545,collusive_ring
C072553,upcoding
C072563,collusive_ring
C072576,collusive_ring
C072577,collusive_ring
C072578,collusive_ring
C072580,collusive_ring
C072589,collusive_ring
C072603,impossible_timing
C072605,collusive_ring
C072616,impossible_timing
C072646,collusive_ring
C072656,upcoding
C072667,collusive_ring
C072740,collusive_ring
C072743,collusive_ring
C072762,collusive_ring
C072770,impossible_timing
C072775,impossible_timing
C072783,duplicate_billing
C072789,collusive_ring
C072794,collusive_ring
C072803,collusive_ring
C072811,collusive_ring
C072813,collusive_ring
C072818,duplicate_billing
C072819,duplicate_billing
C072846,collusive_ring
C072849,collusive_ring
C072856,collusive_ring
C072857,upcoding
C072878,collusive_ring
C072888,upcoding
C072895,collusive_ring
C072903,collusive_ring
C072917,collusive_ring
C072944,collusive_ring
C072945,collusive_ring
C072947,collusive_ring
C072964,collusive_ring
C072966,upcoding
C072967,collusive_ring
C072970,collusive_ring
C072972,duplicate_billing
C072981,collusive_ring
C072987,collusive_ring
C072991,collusive_ring
C072992,collusive_ring
C073024,upcoding
C073028,collusive_ring
C073029,collusive_ring
C073037,collusive_ring
C073068,upcoding
C073084,impossible_timing
C073096,impossible_timing
C073101,upcoding
C073103,collusive_ring
C073109,collusive_ring
C073112,duplicate_billing
C073130,upcoding
C073142,collusive_ring
C073172,collusive_ring
C073175,collusive_ring
C073176,upcoding
C073178,collusive_ring
C073187,collusive_ring
C073194,collusive_ring
C073227,collusive_ring
C073232,collusive_ring
C073237,collusive_ring
C073240,collusive_ring
C073274,collusive_ring
C073285,collusive_ring
C073302,collusive_ring
C073315,collusive_ring
C073322,collusive_ring
C073350,collusive_ring
C073379,collusive_ring
C073421,collusive_ring
C073426,collusive_ring
C073446,collusive_ring
C073457,collusive_ring
C073458,collusive_ring
C073459,collusive_ring
C073476,collusive_ring
C073477,collusive_ring
C073479,collusive_ring
C073485,collusive_ring
C073498,collusive_ring
C073510,unbundling
C073523,collusive_ring
C073524,collusive_ring
C073534,collusive_ring
C073535,collusive_ring
C073542,unbundling
C073550,collusive_ring
C073554,collusive_ring
C073562,collusive_ring
C073563,collusive_ring
C073588,collusive_ring
C073589,collusive_ring
C073592,collusive_ring
C073611,upcoding
C073617,collusive_ring
C073619,collusive_ring
C073628,collusive_ring
C073644,duplicate_billing
C073648,collusive_ring
C073663,collusive_ring
C073677,collusive_ring
C073687,impossible_timing
C073696,collusive_ring
C073703,impossible_timing
C073718,collusive_ring
C073738,collusive_ring
C073767,collusive_ring
C073775,collusive_ring
C073792,collusive_ring
C073814,collusive_ring
C073817,collusive_ring
C073822,collusive_ring
C073833,collusive_ring
C073835,collusive_ring
C073843,collusive_ring
C073851,collusive_ring
C073861,collusive_ring
C073875,collusive_ring
C073891,collusive_ring
C073897,collusive_ring
C073903,collusive_ring
C073917,collusive_ring
C073933,collusive_ring
C073938,collusive_ring
C073946,collusive_ring
C073970,collusive_ring
C073978,upcoding
C073981,collusive_ring
C073986,collusive_ring
C073991,collusive_ring
C074006,upcoding
C074016,collusive_ring
C074052,upcoding
C074063,collusive_ring
C074077,duplicate_billing
C074081,collusive_ring
C074093,collusive_ring
C074098,collusive_ring
C074127,collusive_ring
C074132,collusive_ring
C074137,collusive_ring
C074173,collusive_ring
C074183,collusive_ring
C074189,collusive_ring
C074198,collusive_ring
C074259,collusive_ring
C074267,collusive_ring
C074275,collusive_ring
C074282,collusive_ring
C074284,upcoding
C074292,collusive_ring
C074302,unbundling
C074317,impossible_timing
C074323,impossible_timing
C074328,collusive_ring
C074329,collusive_ring
C074354,collusive_ring
C074358,upcoding
C074388,collusive_ring
C074404,collusive_ring
C074416,collusive_ring
C074437,collusive_ring
C074441,collusive_ring
C074442,collusive_ring
C074453,collusive_ring
C074469,duplicate_billing
C074470,duplicate_billing
C074471,duplicate_billing
C074500,collusive_ring
C074504,upcoding
C074521,collusive_ring
C074553,duplicate_billing
C074565,collusive_ring
C074581,collusive_ring
C074583,collusive_ring
C074586,collusive_ring
C074599,collusive_ring
C074600,collusive_ring
C074603,collusive_ring
C074608,collusive_ring
C074621,collusive_ring
C074633,collusive_ring
C074639,collusive_ring
C074641,collusive_ring
C074668,collusive_ring
C074673,collusive_ring
C074679,collusive_ring
C074681,collusive_ring
C074709,collusive_ring
C074725,collusive_ring
C074737,collusive_ring
C074741,collusive_ring
C074774,collusive_ring
C074778,collusive_ring
C074787,collusive_ring
C074813,collusive_ring
C074815,collusive_ring
C074841,collusive_ring
C074850,collusive_ring
C074877,duplicate_billing
C074883,collusive_ring
C074888,collusive_ring
C074898,collusive_ring
C074900,collusive_ring
C074904,collusive_ring
C074915,collusive_ring
C074928,collusive_ring
C074967,collusive_ring
C074968,collusive_ring
C074973,collusive_ring
C074976,collusive_ring
C074985,collusive_ring
C075003,collusive_ring
C075006,collusive_ring
C075007,collusive_ring
C075022,upcoding
C075026,collusive_ring
C075038,collusive_ring
C075039,collusive_ring
C075071,collusive_ring
C075079,collusive_ring
C075094,collusive_ring
C075098,collusive_ring
C075105,collusive_ring
C075123,collusive_ring
C075125,collusive_ring
C075130,collusive_ring
C075152,collusive_ring
C075155,collusive_ring
C075181,collusive_ring
C075190,collusive_ring
C075222,collusive_ring
C075242,duplicate_billing
C075256,collusive_ring
C075260,collusive_ring
C075263,collusive_ring
C075310,upcoding
C075336,collusive_ring
C075339,collusive_ring
C075350,collusive_ring
C075369,collusive_ring
C075375,collusive_ring
C075379,collusive_ring
C075405,collusive_ring
C075410,collusive_ring
C075412,collusive_ring
C075429,collusive_ring
C075438,collusive_ring
C075446,collusive_ring
C075483,collusive_ring
C075485,collusive_ring
C075499,collusive_ring
C075511,collusive_ring
C075552,collusive_ring
C075564,collusive_ring
C075574,upcoding
C075579,collusive_ring
C075586,collusive_ring
C075588,unbundling
C075591,collusive_ring
C075609,upcoding
C075615,collusive_ring
C075643,duplicate_billing
C075651,collusive_ring
C075662,collusive_ring
C075667,collusive_ring
C075679,collusive_ring
C075680,collusive_ring
C075681,duplicate_billing
C075704,collusive_ring
C075713,collusive_ring
C075717,collusive_ring
C075727,collusive_ring
C075734,duplicate_billing
C075739,collusive_ring
C075743,collusive_ring
C075746,collusive_ring
C075749,impossible_timing
C075751,collusive_ring
C075760,impossible_timing
C075763,collusive_ring
C075770,unbundling
C075793,collusive_ring
C075803,collusive_ring
C075806,collusive_ring
C075842,collusive_ring
C075844,upcoding
C075846,collusive_ring
C075847,collusive_ring
C075862,collusive_ring
C075864,collusive_ring
C075874,collusive_ring
C075877,upcoding
C075888,collusive_ring
C075892,collusive_ring
C075893,impossible_timing
C075903,collusive_ring
C075904,impossible_timing
C075915,collusive_ring
C075916,collusive_ring
C075934,collusive_ring
C075936,collusive_ring
C075948,impossible_timing
C075955,impossible_timing
C075969,upcoding
C075976,duplicate_billing
C075983,collusive_ring
C075988,collusive_ring
C075997,collusive_ring
C076011,collusive_ring
C076020,collusive_ring
C076025,collusive_ring
C076042,collusive_ring
C076048,upcoding
C076070,collusive_ring
C076076,collusive_ring
C076082,duplicate_billing
C076094,collusive_ring
C076109,collusive_ring
C076128,collusive_ring
C076142,collusive_ring
C076156,upcoding
C076162,collusive_ring
C076187,upcoding
C076190,collusive_ring
C076198,collusive_ring
C076201,collusive_ring
C076214,collusive_ring
C076218,collusive_ring
C076220,collusive_ring
C076242,collusive_ring
C076246,collusive_ring
C076250,collusive_ring
C076254,collusive_ring
C076256,collusive_ring
C076259,collusive_ring
C076269,upcoding
C076270,collusive_ring
C076277,collusive_ring
C076287,collusive_ring
C076304,collusive_ring
C076310,collusive_ring
C076313,collusive_ring
C076341,collusive_ring
C076349,collusive_ring
C076356,collusive_ring
C076360,collusive_ring
C076372,collusive_ring
C076378,upcoding
C076390,collusive_ring
C076398,collusive_ring
C076433,collusive_ring
C076446,collusive_ring
C076461,collusive_ring
C076462,collusive_ring
C076477,collusive_ring
C076479,collusive_ring
C076491,upcoding
C076495,upcoding
C076512,collusive_ring
C076517,collusive_ring
C076526,collusive_ring
C076534,upcoding
C076554,collusive_ring
C076555,collusive_ring
C076558,collusive_ring
C076564,collusive_ring
C076575,collusive_ring
C076584,collusive_ring
C076601,collusive_ring
C076604,unbundling
C076606,collusive_ring
C076617,collusive_ring
C076627,collusive_ring
C076628,collusive_ring
C076639,collusive_ring
C076676,collusive_ring
C076697,collusive_ring
C076705,collusive_ring
C076713,upcoding
C076724,collusive_ring
C076744,duplicate_billing
C076767,collusive_ring
C076773,collusive_ring
C076785,collusive_ring
C076787,upcoding
C076803,collusive_ring
C076816,duplicate_billing
C076821,collusive_ring
C076822,collusive_ring
C076824,collusive_ring
C076838,unbundling
C076839,collusive_ring
C076843,collusive_ring
C076845,collusive_ring
C076852,collusive_ring
C076885,collusive_ring
C076902,collusive_ring
C076903,collusive_ring
C076910,collusive_ring
C076933,collusive_ring
C076935,collusive_ring
C076943,collusive_ring
C076953,collusive_ring
C076968,duplicate_billing
C076971,collusive_ring
C076985,collusive_ring
C076993,collusive_ring
C077000,collusive_ring
C077002,collusive_ring
C077015,unbundling
C077019,collusive_ring
C077026,collusive_ring
C077028,collusive_ring
C077033,collusive_ring
C077053,collusive_ring
C077056,collusive_ring
C077058,collusive_ring
C077080,collusive_ring
C077086,collusive_ring
C077089,collusive_ring
C077099,upcoding
C077109,collusive_ring
C077114,duplicate_billing
C077123,collusive_ring
C077152,collusive_ring
C077163,collusive_ring
C077171,collusive_ring
C077174,collusive_ring
C077184,collusive_ring
C077192,duplicate_billing
C077194,upcoding
C077205,upcoding
C077208,collusive_ring
C077228,collusive_ring
C077229,collusive_ring
C077234,collusive_ring
C077239,collusive_ring
C077272,upcoding
C077295,collusive_ring
C077297,upcoding
C077303,collusive_ring
C077324,duplicate_billing
C077344,collusive_ring
C077346,collusive_ring
C077354,collusive_ring
C077367,collusive_ring
C077382,collusive_ring
C077389,collusive_ring
C077395,collusive_ring
C077428,collusive_ring
C077442,collusive_ring
C077448,collusive_ring
C077449,collusive_ring
C077450,duplicate_billing
C077459,collusive_ring
C077470,collusive_ring
C077503,collusive_ring
C077506,collusive_ring
C077544,collusive_ring
C077578,impossible_timing
C077600,upcoding
C077601,impossible_timing
C077607,collusive_ring
C077613,collusive_ring
C077614,collusive_ring
C077618,collusive_ring
C077628,collusive_ring
C077636,collusive_ring
C077655,impossible_timing
C077656,collusive_ring
C077659,collusive_ring
C077669,impossible_timing
C077674,collusive_ring
C077677,collusive_ring
C077686,collusive_ring
C077697,collusive_ring
C077707,collusive_ring
C077712,collusive_ring
C077716,collusive_ring
C077723,collusive_ring
C077726,collusive_ring
C077732,collusive_ring
C077743,collusive_ring
C077761,collusive_ring
C077765,upcoding
C077777,collusive_ring
C077789,duplicate_billing
C077807,duplicate_billing
C077834,collusive_ring
C077841,collusive_ring
C077855,collusive_ring
C077861,collusive_ring
C077895,collusive_ring
C077909,collusive_ring
C077912,collusive_ring
C077914,collusive_ring
C077925,collusive_ring
C077928,collusive_ring
C077940,collusive_ring
C077961,impossible_timing
C077967,impossible_timing
C077972,collusive_ring
C077983,collusive_ring
C077985,collusive_ring
C078063,collusive_ring
C078071,collusive_ring
C078084,collusive_ring
C078111,collusive_ring
C078128,collusive_ring
C078137,collusive_ring
C078146,collusive_ring
C078156,collusive_ring
C078167,collusive_ring
C078168,upcoding
C078174,collusive_ring
C078176,upcoding
C078177,collusive_ring
C078184,upcoding
C078187,collusive_ring
C078194,collusive_ring
C078196,collusive_ring
C078207,collusive_ring
C078256,collusive_ring
C078257,collusive_ring
C078276,collusive_ring
C078278,collusive_ring
C078294,upcoding
C078314,collusive_ring
C078319,collusive_ring
C078334,collusive_ring
C078359,collusive_ring
C078391,collusive_ring
C078396,collusive_ring
C078403,collusive_ring
C078424,collusive_ring
C078438,upcoding
C078455,collusive_ring
C078466,collusive_ring
C078474,upcoding
C078476,collusive_ring
C078478,collusive_ring
C078480,collusive_ring
C078492,collusive_ring
C078493,collusive_ring
C078513,collusive_ring
C078574,collusive_ring
C078587,collusive_ring
C078592,collusive_ring
C078593,collusive_ring
C078609,collusive_ring
C078640,collusive_ring
C078645,collusive_ring
C078647,collusive_ring
C078648,collusive_ring
C078653,collusive_ring
C078656,collusive_ring
C078661,upcoding
C078680,collusive_ring
C078685,collusive_ring
C078705,collusive_ring
C078721,collusive_ring
C078723,collusive_ring
C078724,collusive_ring
C078731,collusive_ring
C078744,collusive_ring
C078778,collusive_ring
C078783,collusive_ring
C078788,collusive_ring
C078791,collusive_ring
C078794,collusive_ring
C078797,collusive_ring
C078798,collusive_ring
C078799,collusive_ring
C078800,collusive_ring
C078804,upcoding
C078810,upcoding
C078824,collusive_ring
C078826,collusive_ring
C078835,collusive_ring
C078857,collusive_ring
C078874,collusive_ring
C078896,collusive_ring
C078898,collusive_ring
C078903,collusive_ring
C078913,upcoding
C078914,collusive_ring
C078918,collusive_ring
C078932,collusive_ring
C078938,collusive_ring
C078957,collusive_ring
C078964,collusive_ring
C078975,collusive_ring
C079016,collusive_ring
C079023,collusive_ring
C079025,collusive_ring
C079029,collusive_ring
C079030,collusive_ring
C079034,collusive_ring
C079035,duplicate_billing
C079040,collusive_ring
C079042,collusive_ring
C079053,collusive_ring
C079063,collusive_ring
C079081,collusive_ring
C079082,collusive_ring
C079085,collusive_ring
C079090,collusive_ring
C079091,collusive_ring
C079098,collusive_ring
C079111,collusive_ring
C079138,collusive_ring
C079142,collusive_ring
C079157,collusive_ring
C079176,collusive_ring
C079178,collusive_ring
C079183,collusive_ring
C079201,collusive_ring
C079204,collusive_ring
C079231,collusive_ring
C079240,collusive_ring
C079273,collusive_ring
C079275,upcoding
C079281,impossible_timing
C079291,impossible_timing
C079303,collusive_ring
C079305,collusive_ring
C079310,collusive_ring
C079316,collusive_ring
C079322,duplicate_billing
C079356,collusive_ring
C079389,duplicate_billing
C079404,collusive_ring
C079408,collusive_ring
C079411,collusive_ring
C079413,collusive_ring
C079414,collusive_ring
C079419,collusive_ring
C079420,unbundling
C079425,collusive_ring
C079428,collusive_ring
C079441,collusive_ring
C079466,collusive_ring
C079473,duplicate_billing
C079486,collusive_ring
C079496,collusive_ring
C079498,collusive_ring
C079503,collusive_ring
C079506,collusive_ring
C079517,collusive_ring
C079529,collusive_ring
C079534,collusive_ring
C079536,collusive_ring
C079544,collusive_ring
C079550,collusive_ring
C079556,collusive_ring
C079568,collusive_ring
C079584,collusive_ring
C079615,collusive_ring
C079616,collusive_ring
C079628,collusive_ring
C079629,collusive_ring
C079674,collusive_ring
C079685,collusive_ring
C079686,collusive_ring
C079700,upcoding
C079702,collusive_ring
C079711,collusive_ring
C079715,collusive_ring
C079718,collusive_ring
C079722,unbundling
C079723,collusive_ring
C079724,upcoding
C079727,collusive_ring
C079731,collusive_ring
C079732,collusive_ring
C079811,collusive_ring
C079825,collusive_ring
C079835,collusive_ring
C079842,upcoding
C079854,collusive_ring
C079855,collusive_ring
C079881,collusive_ring
C079898,collusive_ring
C079907,unbundling
C079916,collusive_ring
C079918,collusive_ring
C079937,upcoding
C079943,collusive_ring
C079947,collusive_ring
C079949,collusive_ring
C079954,upcoding
C079986,collusive_ring
C079987,collusive_ring
C079995,collusive_ring
C080004,collusive_ring
C080015,collusive_ring
C080047,collusive_ring
C080054,upcoding
C080059,collusive_ring
C080061,collusive_ring
C080073,collusive_ring
C080074,collusive_ring
C080076,collusive_ring
C080079,collusive_ring
C080083,collusive_ring
C080084,collusive_ring
C080090,collusive_ring
C080095,upcoding
C080100,upcoding
C080101,collusive_ring
C080112,collusive_ring
C080131,collusive_ring
C080133,collusive_ring
C080134,collusive_ring
C080141,upcoding
C080151,collusive_ring
C080152,collusive_ring
C080166,collusive_ring
C080167,collusive_ring
C080172,collusive_ring
C080183,collusive_ring
C080224,collusive_ring
C080228,collusive_ring
C080229,collusive_ring
C080242,collusive_ring
C080243,collusive_ring
C080254,collusive_ring
C080259,collusive_ring
C080278,collusive_ring
C080312,collusive_ring
C080325,impossible_timing
C080332,impossible_timing
C080334,collusive_ring
C080341,collusive_ring
C080356,collusive_ring
C080361,upcoding
C080375,collusive_ring
C080398,collusive_ring
C080405,collusive_ring
C080408,collusive_ring
C080412,collusive_ring
C080420,duplicate_billing
C080429,upcoding
C080434,collusive_ring
C080448,collusive_ring
C080451,duplicate_billing
C080452,duplicate_billing
